Title,Brand,RAM,Price,Ratings,Image URL,Category
Gaming Laptop Laptop Computer With Amd Ryzen 7 5700U 8C16T Up To 43Ghz 16Gb Ram 512Gb Nvme Ssd Windows 11 Laptop Radeon Rx Vega 8 Graphics 160Inch Display Wifi 6 53Wh Battery Backlit Kb,Gaming,16GB ,$495,5,https://m.media-amazon.com/images/I/81jFW4cV7bL._AC_UY218_.jpg,Gaming
Hp 14 Laptop Intel Celeron N4020 4 Gb Ram 64 Gb Storage 14Inch Microedge Hd Display Windows 11 Home Thin Portable 4K Graphics One Year Of Microsoft 365 14Dq0040Nr Snowflake White,HP,Others,$178,4,https://m.media-amazon.com/images/I/815uX7wkOZS._AC_UY218_.jpg,Other
Acer Aspire 3 A31524Pr7Vh Slim Laptop 156 Full Hd Ips Display Amd Ryzen 3 7320U Quadcore Processor Amd Radeon Graphics 8Gb Lpddr5 128Gb Nvme Ssd Wifi 6 Windows 11 Home In S Mode,Acer,8GB ,$300,4,https://m.media-amazon.com/images/I/61gKkYQn6lL._AC_UY218_.jpg,Other
Hp Portable Laptop Include 1 Year Microsoft 365 14 Hd Display 16Gb Ram 64Gb Emmc Intel Quadcore N4120 Student And Business Webcam Hdmi Wifi Rj45 Windows 11 Home Pink,HP,16GB ,$239,4,https://m.media-amazon.com/images/I/61DVg3ECW-L._AC_UY218_.jpg,Office
Lenovo Ideapad Slim 3 Chromebook 2024 Lightweight Laptop Waves Maxxaudio Speakers 14 Hd Display Hd 720P Camera 4Gb Memory 64Gb Storage Mediatek Kompanio 520 Abyss Blue,Lenovo,4GB ,$181,4,https://m.media-amazon.com/images/I/61BRKJYlOSL._AC_UY218_.jpg,Office
Dell Inspiron Touchscreen Laptop 156 Business Student Laptop Computer Windows 11 Pro Laptop 32Gb Ram 1Tb Ssd Intel I51155G7 Processor Full Hd Ips Display Numeric Keypad Hdmi Carbon Black,Dell,32GB ,$529,4,https://m.media-amazon.com/images/I/61Wc1fDGJuL._AC_UY218_.jpg,Office
Hp 156 Business Laptop Free Microsoft Office 2024 Lifetime License Copilot Ai Chat Hd Touchscreen Display Intel 6Core I31215U 44 Ghz 16Gb Ram 1Tb Ssd Long Battery Life Windows 11 Pro,HP,16GB ,$416,4,https://m.media-amazon.com/images/I/71xEfn8Qi8L._AC_UY218_.jpg,Office
Asus E410 Intel Celeron N4020 4Gb 64Gb 14Inch Hd Led Win 10 Laptop Star Black,ASUS,4GB ,$145,4,https://m.media-amazon.com/images/I/614Jk1dIoGL._AC_UY218_.jpg,Other
Asus 156 Vivobook Go Slim Laptop Intel Dual Core N4500 4Gb Ram 128Gb Ssd Windows 11 Star Black L510Kaes04,ASUS,4GB ,$228,4,https://m.media-amazon.com/images/I/61KZBt8QeGL._AC_UY218_.jpg,Other
Asus Chromebook Cx1 14 Fhd Intel Celeron N4500 Processor 64Gb Storage 4Gb Ram Chromeos Transparent Silver Cx1400Ckaas44F,ASUS,64GB ,$142,4,https://m.media-amazon.com/images/I/71oYSGF0gVS._AC_UY218_.jpg,Other
16 Inch Laptop 12Gb Ram 384Gb Storage Laptop Computer 5305U Processor 1920X1200 Ips Fhd Display Wifi Bluetooth Webcam Typec 38Wh Battery,Others,12GB ,$280,5,https://m.media-amazon.com/images/I/71BvUKRwRyL._AC_UY218_.jpg,Other
Dell Latitude 3550 Laptop Computer For Business And Work 13Th Gen Intel 10Core I51335U Beat I71255U 32Gb Ddr5 Ram 1Tb Pcie Ssd 156 Fhd Wifi 6E Bluetooth 53 Usb4 Typec Windows 11 Pro,Dell,32GB ,$979,4,https://m.media-amazon.com/images/I/81RuYfizHuL._AC_UY218_.jpg,Office
Lenovo Vseries V15 Business Laptop 156 Fhd Display Amd Ryzen 7 7730U 40Gb Ram 1Tb Ssd Numeric Keypad Hdmi Rj45 Webcam Wifi Windows 11 Pro Black,Lenovo,40GB ,$578,4,https://m.media-amazon.com/images/I/71TN6dLVcsL._AC_UY218_.jpg,Office
Hp 14 Ultral Light Laptop For Students And Business Intel Quadcore 8Gb Ram 192Gb Storage64Gb Emmc128Gb Ghost Manta Sd Card 1 Year Office 365 Usb C Win 11 S,HP,8GB ,$239,4,https://m.media-amazon.com/images/I/81divYKpeTL._AC_UY218_.jpg,Office
Hp 17 Laptop 173 Fhd Display 32Gb Ram 1Tb Ssd Amd Ryzen 5 Processorbeats I71165G7 Up To 43Ghz Webcam Numeric Keypad Long Battery Life Windows 11 Home Alpacatec Accessories Silver,HP,32GB ,$510,4,https://m.media-amazon.com/images/I/71jnYgMljgL._AC_UY218_.jpg,Other
2025 Gaming Laptop Laptop With Amd Ryzen 7 5700U 8C16T Up To 43Ghz 16Gb Ram 512Gb Nvme Ssd Laptop Computer Radeon Rx Vega 8 Graphics 161Inch Fhd Display Wifi 6 53Wh Battery Backlit Kb,Others,16GB ,$580,5,https://m.media-amazon.com/images/I/71vCFSaxAyL._AC_UY218_.jpg,Gaming
Dell Latitude 5550 15 5000 156 Fhd Business Ai Laptop Computer Intel 12Core Ultra 5 135U Beat I71355U 32Gb Ddr5 Ram 1Tb Ssd Wifi 6 Bt 53 Backlit Kb Fr Thunderbolt 4 Windows 11 Pro,Dell,32GB ,"$1,189",5,https://m.media-amazon.com/images/I/81v73toaxML._AC_UY218_.jpg,Office
156 Inch Laptop With Office 365 4Gb Ram 128Gb Storage Expandable 1Tb 5205U Processor Hd Display Windows 11 Laptops Computer Wifi 5 Bt42 Numpad Typec For Business And Students,Others,4GB ,$200,5,https://m.media-amazon.com/images/I/71dxO5qXigL._AC_UY218_.jpg,Office
Dell Latitude 3550 Laptop Computer For Business Work Intel 10Core I51335U Beat I71255U 64Gb Ddr5 1Tb Pcie Ssd 156 Fhd Wifi 6E Bluetooth 53 Fhd Camera Usb4 Typec Windows 11 Pro,Dell,64GB ,"$1,049",5,https://m.media-amazon.com/images/I/81OSVN7tgRL._AC_UY218_.jpg,Office
Nuroum Wireless Headset With Mic For Work Bluetooth Headset With Noise Cancelling Microphone Charging Standmute Button Dongleusb For Pccomputerlaptop For Zoomteams Officecall Center Hp31D,NUROUM,Others,$80,4,https://m.media-amazon.com/images/I/51ssiHEmDrL._AC_UY218_.jpg,Office
Dell Latitude 3550 15 Laptop 156 Fhd Computer Intel 12Core Ultra 7 155U Beat I71355U 64Gb Ddr5 Ram 1Tb Pcie Ssd Wifi 6 Usb 4 Hdmi Backlit Keyboard Fingerprint Reader Windows 11 Pro,Dell,64GB ,"$1,249",5,https://m.media-amazon.com/images/I/81l0vIoTsyL._AC_UY218_.jpg,Other
Apple Macbook Air Mjvm2Lla 116Inch Laptop 16 Ghz Intel Core I5 128 Gb Hard Drive Integrated Intel Hd Graphics 6000 Mac Os X 1010 Yosemite Renewed,Apple,Others,$265,4,https://m.media-amazon.com/images/I/71N+DK0pEaL._AC_UY218_.jpg,Other
Hp 17 Laptop 173 Hd Touchscreen Display 12Th Gen Intel Core I71255U 64Gb Ram 2Tb Ssd Webcam Hdmi Superspeed Usb Ports Wifi 6 Windows 11 Home Silver,HP,64GB ,$840,4,https://m.media-amazon.com/images/I/71CGrFl8cjL._AC_UY218_.jpg,Other
Asus Rog Strix G16 Gaming Laptop 165Hz Display Nvidia Geforce Rtx 4060 Intel Core I713650Hx 16Gb Ddr5 1Tb Pcie Gen4 Ssd Wifi 6E Windows 11 G614Jvas74,ASUS,16GB ,"$1,303",4,https://m.media-amazon.com/images/I/81GrCeuCzxL._AC_UY218_.jpg,Gaming
Hp 17 Laptop 173 Hd Display 11Th Gen Intel Core I31125G4 Processor 8Gb Ram 256Gb Ssd Wifi Hdmi Webcam Windows 11 Home Silver,HP,8GB ,$410,4,https://m.media-amazon.com/images/I/71CDSpds6jL._AC_UY218_.jpg,Other
Nimo 156 Fhd Student Laptop 16Gb Ram 1Tb Ssd Backlit Keyboard Fingerprint Intel Pentium Quadcore N100 Beat To I31115G4 Up To 34Ghz Ips Computer Numpad Wifi 6 Win 11 Rose Gold,NIMO,16GB ,$300,5,https://m.media-amazon.com/images/I/71VvzfO4neL._AC_UY218_.jpg,Student
16 Inch Laptop 12Gb Ram 256Gb Storage Laptop Computer 5305U Processor 1920X1200 Ips Fhd Display Wifi Bluetooth Webcam Typec 38Wh Battery,Others,12GB ,$900,4,https://m.media-amazon.com/images/I/71gBafGM5FL._AC_UY218_.jpg,Other
Acer Nitro V Gaming Laptop Intel Core I913900H Processor Nvidia Geforce Rtx 4060 Laptop Gpu 156 Fhd Ips 144Hz Display 16Gb Ddr5 512Gb Gen 4 Ssd Wifi 6 Backlit Kb Anv155199Dr,Acer,16GB ,$950,4,https://m.media-amazon.com/images/I/71F-Wcriq4L._AC_UY218_.jpg,Gaming
Asus Vivobook Laptop 14 Fhd Display I31215U 16Gb Ram 512Gb Ssd Wifi 6 Hdmi Webcam Touchpad Windows 11 Home Blue,ASUS,16GB ,$336,4,https://m.media-amazon.com/images/I/61jojpe4KVL._AC_UY218_.jpg,Other
Acemagic 2025 Laptop With Windows 11 16Gb Ddr4 Ram 512Gb M2 2280 Ssdintel N N97 Quadcore Processor 16 Fhd Ips Display Long Battery Life Portable Laptops Computer For Office Student Business,ACEMAGIC,16GB ,$380,5,https://m.media-amazon.com/images/I/81gCEsoMUbL._AC_UY218_.jpg,Office
Dell Latitude 3550 Laptop Computer For Business Work Intel 10Core I51335U Beat I71255U 16Gb Ddr5 Ram 512Gb Pcie Ssd 156 Fhd Wifi 6E Bluetooth 53 Fhd Camera Usb4 Typec Windows 11 Pro,Dell,16GB ,$869,5,https://m.media-amazon.com/images/I/81OSVN7tgRL._AC_UY218_.jpg,Office
Asus 14 Laptop 14 Fhd Display Intel Celeron N4500 4Gb Memory 64Gb Emmc Touchpad Webcam Hdmi Wifi Windows 11 Home Quiet Blue,ASUS,4GB ,$142,4,https://m.media-amazon.com/images/I/61uN4jWualL._AC_UY218_.jpg,Other
Acer Gateway Chromebook 311 Cbo3111Hc1Mx Laptop Intel Celeron N4500 116 Hd 1366 X 768 Display 4Gb Lpddr4X 64Gb Emmc Wifi 5 80211Ac Chrome Os Star Black,Acer,4GB ,$142,4,https://m.media-amazon.com/images/I/61s7XxkIC5L._AC_UY218_.jpg,Other
Hp Victus 156 I5 Gaming Laptop 156 Fhd 19201080 144Hz Intel Core I512450H Nvidia Geforce Rtx 3050 32Gb Ram 1Tb Ssd Backlit Kb Touchpad Sd Card Reader Webcam Hdmi Wifi 6 W11 H Blue,HP,32GB ,$649,4,https://m.media-amazon.com/images/I/71DHV9GZSOL._AC_UY218_.jpg,Gaming
Jumper Laptop 16 Inch Fhd Ips 1200P Screen 5305U Processor Office 365 1Year Subscription 4Gb Ram 128Gb Storage Windows 11 Computer With Stereo Speakers 1Tb Ssd Slot Expansion Hdmi,Jumper,4GB ,$800,5,https://m.media-amazon.com/images/I/71RfQGy1KpL._AC_UY218_.jpg,Office
156 Laptop Computer N4000 Processor Laptops With 8Gb Ram 256Gb Ssd156 Inch Fhd 1920 1080 Display Wifi5 Bt42 Windows 11 Pro,Others,8GB ,$240,4,https://m.media-amazon.com/images/I/81jwICXSZ5L._AC_UY218_.jpg,Other
Dell Inspiron 3520 156 Touchscreen I7 Laptop 156 Fhd Touchscreen Intel Core I71255U 32Gb Ram 1Tb Ssd Numeric Keypad Webcam Sd Card Reader Hdmi Wifi Windows 11 Home Black,Dell,32GB ,$629,4,https://m.media-amazon.com/images/I/61W6039Mm5L._AC_UY218_.jpg,Other
Dell Inspiron 15 3000 3520 Business Laptop Computerwindows 11 Pro 156 Fhd Touchscreen 11Th Gen Intel Quadcore I51135G7 16Gb Ram 1Tb Pcie Ssd Numeric Keypad Wifi Webcam Hdmi Black,Dell,16GB ,$517,4,https://m.media-amazon.com/images/I/71gbrvRJI-L._AC_UY218_.jpg,Office
Asus Vivobook Go 156 Slim Laptop Amd Ryzen 5 7520U 8Gb 512Gb Windows 11 Home Cool Silver Military Grade Durability Fast Charging Webcam Shield E1504Faas54,ASUS,8GB,$382,4,https://m.media-amazon.com/images/I/71P3MwynNoL._AC_UY218_.jpg,Other
16 Inch Fhd Laptop 16Gb Ram 512Gb Ssdportable Computer Intel 12Th Gen N100Up To 34Ghzwifi 6 Bluetooth 52 1920X1200 Display 6000 Mah Battery Fingerprint Unlock Fullfeatured Typec,Others,16GB ,$299,5,https://m.media-amazon.com/images/I/51OF0+ShxgL._AC_UY218_.jpg,Other
Lenovo V15 Business Laptop Computer 156 Fhd Display Intel Dualcore Cpu 16Gb Ddr4 Ram 256Gb Pcie Ssd Wifi 6 Bluetooth 52 Rj45 Typec Hdmi Numeric Keypad Black Windows 11 Pro Tichang,Lenovo,16GB ,$379,4,https://m.media-amazon.com/images/I/71Cn431oDML._AC_UY218_.jpg,Office
Hp Stream 14 Hd Brightview Laptop Intel Celeron N4120 16Gb Ram 288Gb Storage 128Gb Emmc 160Gb Docking Station Set Intel Uhd Graphics 720P Webcam Wifi 1 Year Office 365 Win 11 S Gold,HP,16GB ,$294,4,https://m.media-amazon.com/images/I/61QuxlKVZbL._AC_UY218_.jpg,Office
Asus Zenbook 14 Oled 2024 Business Laptop 14 Wuxga Touchscreen 16Core Intel Ultra 7155H 16Gb Lpddr5 1Tb Ssd Intel Arc Graphics Thunderbolt 4 Wifi 6E Backlit Keyboard Win11 Home Wont 32Gb Usb,ASUS,16GB ,$839,4,https://m.media-amazon.com/images/I/51okgnHrVkL._AC_UY218_.jpg,Office
Hp 156 Portable Laptop Include 1 Year Microsoft 365 Hd Display Intel Quadcore N200 Processor 16Gb Ram 128Gb Storage Wifi 5 Webcam Hdmi Numeric Keypad Windows 11 Home Red,HP,16GB ,$310,4,https://m.media-amazon.com/images/I/71pTP-ll4sL._AC_UY218_.jpg,Other
Acemagic 2025 Laptop Computer With Intel Quadcore Processorup To 34Ghz 16Gb Ddr4 512Gb Ssd Windows 11 Gaming Laptop 156 Ips 1080P Metal Shell Usb32 Long Battery Life,ACEMAGIC,16GB ,$370,4,https://m.media-amazon.com/images/I/71sbZ7peiCL._AC_UY218_.jpg,Gaming
Asus Tuf Gaming Laptop 2024 Amd Ryzen 7 7735Hs Beat I712650H Rtx 3050 Backlit Keyboard Rgb 156 Fhd Display 144Hz 32Gb Ddr5 Ram 2Tb Pcie Ssd Gaming Pc Hdmi Cable,ASUS,32GB ,$910,4,https://m.media-amazon.com/images/I/71kXSLTkeVL._AC_UY218_.jpg,Gaming
Gaming Laptop 2024 Laptop Computer With Intel Quadcore Processorup To 36Ghz 16Gb Ddr4 512Gb Ssd Windows 11 Laptop 156 Ips 1080P Metal Shell Usb32 Long Battery Life,Gaming,16GB ,$342,4,https://m.media-amazon.com/images/I/61j3uzJvVLL._AC_UY218_.jpg,Gaming
2024 Laptop173Inch Fhd Display Laptop Computer With Quad Core12Th Alder Lake N97Up To 36Ghz 16Gb Ram 512Gb Rom Traditional Laptop Computer 6000Mah Batterysilver,Others,16GB ,"$1,500",4,https://m.media-amazon.com/images/I/71yRuOrFrdL._AC_UY218_.jpg,Other
Asus Zenbook Duo Laptop Dual 14 Oled 3K 120Hz Touch Display Intel Evo Certified Intel Core Ultra 9 285H Intel Arc Graphics 32Gb Ram 1Tb Ssd Windows 11 Inkwell Gray Ux8406Caps99T,ASUS,32GB ,"$1,700",5,https://m.media-amazon.com/images/I/71VUFrGHwDL._AC_UY218_.jpg,Other
Gaming Laptop Amd R9 6900Hx Up To 49 Ghz Graphics Amd Radeon 680M 16 Inch Fhd Computer 16Gb Ram 512Gb Ssd Wifi 6 Bluetooth 52 Ddr5 58Wh Battery,Gaming,16GB ,$599,5,https://m.media-amazon.com/images/I/61CpUMKv2-L._AC_UY218_.jpg,Gaming
8 Inch Utral Pocket Pc Touchscreen Small Laptopwindows 11 Pro Mini Computer For Business Students Outdoorintel N100 12Gb Lpddr5 1Tb Ssd Complimentary Stylus,Others,12GB ,$469,5,https://m.media-amazon.com/images/I/71KxlhnDLoL._AC_UY218_.jpg,Office
Lenovo 116 300E Chromebook Touchscreen Lcd 2 In 1 Mediatek M8173C Quadcore 21Ghz 4Gb Lpddr3 32Gb Flash Memory Chrome Os Model 81H00000Us Renewed,Lenovo,4GB ,$545,4,https://m.media-amazon.com/images/I/812k3mDHXjL._AC_UY218_.jpg,Other
Asus Vivobook Go 156 Fhd Slim Laptop Amd Ryzen 3 7320U Quad Core Processor 8Gb Ddr5 Ram 128Gb Ssd Windows 11 Home Fast Charging Webcam Sheild Military Grade Durability Black E1504Faas33,ASUS,8GB ,$300,4,https://m.media-amazon.com/images/I/71TfjqvF4YL._AC_UY218_.jpg,Other
Lenovo Ideapad 3I Laptop 156 Hd Touchscreen Display Intel Core I31115G4 Processor 20Gb Ddr4 Ram 1Tb Pcie Ssd Bluetooth Webcam Wifi 6 Hdmi Windows 11 Home Grey,LENOVO,20GB ,$406,4,https://m.media-amazon.com/images/I/61eFMUYS+HL._AC_UY218_.jpg,Other
2025 Laptop Laptop Computer With Intel Quadcore Processorup To 36Ghz 16Gb Ddr4 512Gb Ssd Windows 11 Laptop 156 Ips 1080P Metal Shell Usb32 Long Battery Life,Others,16GB ,$350,4,https://m.media-amazon.com/images/I/71a8eNpIHTL._AC_UY218_.jpg,Other
101Inch Laptopquadcore Processor With Android 120 Os2Gb Ram64Gb Emmcbuiltin Camera Wifiusb Interfacetpyec Charging For Learning And Entertainment Pink 2Gb64Gb,Others,2GB ,$100,4,https://m.media-amazon.com/images/I/71yGpmUoJYL._AC_UY218_.jpg,Other
Lenovo Thinkbook 16 G6 16 Fhd Laptop Computer Amd 8Core Ryzen 7 7730U Beat I71360P 32Gb Ddr4 Ram 1Tb Pcie Ssd Wifi 6 Bluetooth 53 Typec 32 Fingerprint Reader Windows 11 Pro Azxut,Lenovo,32GB ,$739,4,https://m.media-amazon.com/images/I/716UJCI0WsL._AC_UY218_.jpg,Other
Asus Chromebook Cx1 156 Fhd Nanoedge Display Intel Celeron N4500 Processor 64Gb Emmc Storage 8Gb Ram Chromeos Transparent Silver Cx1500Ckaas84F,ASUS,64GB ,$250,4,https://m.media-amazon.com/images/I/71-4taykpML._AC_UY218_.jpg,Other
Lenovo Thinkpad E16 Gen 1 Business Laptop 160 Wuxga Ips Display 300 Nits Amd Ryzen 5 7530U 6Core 200Ghz 16Gb Ram 512Gb Pcie Ssd Amd Radeon Backlit Kyb Fp Wifi 6 Win11Pro Wdockztorm Hub,Lenovo,16GB ,$640,5,https://m.media-amazon.com/images/I/61PS8u04WwL._AC_UY218_.jpg,Office
156 Windows 11 Laptop Intel Core I35005U 16Gb Ram 512Gb Ssd Fhd Ips Display 24G5G Wifi Bt50 Rj45 Webcam Long Battery Life For Work Study And Entertainment,Others,16GB ,$279,4,https://m.media-amazon.com/images/I/71FuBQEb08L._AC_UY218_.jpg,Other
Acer Aspire 5 15 Slim Laptop 156 Fhd 1920X1080 Ips Touch Intel Core I513420H Intel Uhd Graphics 16Gb Lpddr5 512Gb Gen 4 Ssd Wifi 6 Backlit Kb Protective Sleeve A51558Pt50Uj,Acer,16GB ,$513,4,https://m.media-amazon.com/images/I/71RkN3WRIBL._AC_UY218_.jpg,Other
Acer Chromebook 315 Laptop Intel Celeron N4500 156 Full Hd Ips Display Intel Uhd Graphics 4Gb Lpddr4X 64Gb Emmc Intel Wifi 6 Dts Audio Usb Typec Chrome Os Cb3154Hc8Xusilver,Acer,4GB ,$165,5,https://m.media-amazon.com/images/I/71Y8BBXth9L._AC_UY218_.jpg,Other
Msi Katana 17 Gaming Laptop 13Th Gen Intel Core I7 Geforce Rtx 4060 173 144Hz Fhd Display 32Gb Ddr5 1Tb Nvme Ssd Usbtype C Cooler Boost 5 Win11 Home Black B13Vfk835Us,MSI,32GB ,"$1,336",4,https://m.media-amazon.com/images/I/81vnNsRDo6L._AC_UY218_.jpg,Gaming
Asus Tuf Gaming A15 Gaming Laptop 156 Fhd 144Hz 100 Srgb Display Geforce Rtx 4050 Amd Ryzen 7 7435Hs 16Gb Ddr5 512Gb Pcie Ssd Wifi 6 Windows 11 Fa507Nuras73,ASUS,16GB ,$800,4,https://m.media-amazon.com/images/I/51pV5pxZsmL._AC_UY218_.jpg,Gaming
Lenovo Thinkbook 16 G6 Business Laptop 16 Fhd Intel 10 Core I71355U 32Gb Ddr5 1Tb Nvme Wifi 6 Bt Backlit Kb Fingerprint Hd Webcam Win 11 Pro,Lenovo,32GB ,$900,5,https://m.media-amazon.com/images/I/716wopuyhwL._AC_UY218_.jpg,Office
Dell 2023 Inspiron 15 Business Laptop 156 1920X1080 Fhd 12Th Gen Intel I51235U 44 Ghz16G Ram 512G Ssd Win 11 Pro Webcam Bluetooth Carbon Black,Dell,Others,$545,5,https://m.media-amazon.com/images/I/51cSRFl4eIL._AC_UY218_.jpg,Office
Microsoft Surface Laptop 2024 Windows 11 Copilot Pc 138 Touchscreen Display Snapdragon X Plus 10 Core 16Gb Ram 512Gb Ssd Storage Sapphire,Microsoft,16GB ,$948,4,https://m.media-amazon.com/images/I/61cVvg6zcWL._AC_UY218_.jpg,Other
Acer Nitro V Gaming Laptop Intel Core I513420H Processor Nvidia Geforce Rtx 4050 Laptop Gpu 156 Fhd Ips 144Hz Display 8Gb Ddr5 512Gb Gen 4 Ssd Wifi 6 Backlit Kb Anv155151H9,Acer,8GB ,$700,4,https://m.media-amazon.com/images/I/71F-Wcriq4L._AC_UY218_.jpg,Gaming
Acemagic 156 Inch Laptop With Windows 11 16Gb Ddr4 Ram 512Gb M2 2280 Ssdintel N N97 Quadcore Processor Wifibluetoothwebcamportable Laptops Computer For Office Student Business Entertainment,ACEMAGIC,16GB ,$340,5,https://m.media-amazon.com/images/I/7147OnrfZfL._AC_UY218_.jpg,Office
Hp Elitebook 650 G10 Business Laptop Computer 156 Fhd 13Th Gen Intel 10Core I71355U Cpu 32Gb Ddr4 Ram 1Tb Pcie Ssd Wifi 6E Bt 53 Backlit Kb Fingerprint Reader Windows 11 Pro,HP,32GB ,"$1,079",5,https://m.media-amazon.com/images/I/71QO1MsYbCL._AC_UY218_.jpg,Office
Jumper Laptop 12Gb Ram 640Gb Storage 5305U Processor Office 3651 Year 156 Inch Computer Fhd Ips Screen 38Wh Battery 2 Stereo Speakers Usb30 2 Typec Wifi5,Jumper,12GB ,"$1,200",5,https://m.media-amazon.com/images/I/81J4NJ9ZiGL._AC_UY218_.jpg,Office
Hp 255 G10 156 Fhd Business Laptop Amd Ryzen 7 7730U 64Gb Ram 2Tb Pcie Ssd Numeric Keypad Webcam Wifi 6 Hdmi Windows 11 Pro Black,HP,64GB ,$658,4,https://m.media-amazon.com/images/I/71Ixk-aiC+L._AC_UY218_.jpg,Office
Hp 173 Inch Laptop Fhd Display Amd Ryzen 5 7520U 16 Gb Ram 512 Gb Ssd Amd Radeon Graphics Windows 11 Home 17Cp2099Nr 2024,HP,Others,$499,5,https://m.media-amazon.com/images/I/71hj6O0vZAL._AC_UY218_.jpg,Other
Asus Vivobook S 14 Oled Slim Laptop Intel Core Ultra 9 185H 16Gb 1Tb Ssd Fast Charging Rgb Keyboard Thunderbolt 4 Neutral Black S5406Maas96 Intel Evo Edition,ASUS,16GB,$900,4,https://m.media-amazon.com/images/I/61zhCE0iV1L._AC_UY218_.jpg,Other
Acer Aspire 3 Laptop 156 Full Hd Display Amd Ryzen 7 5700U Processor Amd Radeon Graphics 16Gb Ram 512Gb Ssd Wifi 6 Windows 11 Home Dealexpress Accessories,Acer,16GB ,$418,4,https://m.media-amazon.com/images/I/61gtA51qlDL._AC_UY218_.jpg,Other
Hp Notebook Laptop 156 Hd Touchscreen Intel Core I31115G4 Processor 32Gb Ram 1Tb Pcie Ssd Webcam Typec Hdmi Sd Card Reader Wifi Windows 11 Home Silver,HP,32GB ,$413,4,https://m.media-amazon.com/images/I/61oAh3XrX+L._AC_UY218_.jpg,Other
Asus Vivobook Go 116 Hd Slim Laptop Intel Dual Core N4500 Intel Graphics 4Gb 128Gb Windows 11 Home Sonicmaster Ergosense Black L210Kaes04,ASUS,4GB,$226,4,https://m.media-amazon.com/images/I/51xxONbwsvL._AC_UY218_.jpg,Other
Laptop 2025 Gaming Laptop Computer With Intel Quadcore Processorup To 36Ghz 16Gb Ddr4 512Gb Ssd Windows 11 Laptop 160 Ips 1080P Metal Shell Usb32 Long Battery Life,Laptop,16GB ,$360,4,https://m.media-amazon.com/images/I/71a8eNpIHTL._AC_UY218_.jpg,Gaming
Lenovo Ideapad 3I Chromebook 156 Fhd Display Intel Celeron N4500 8Gb Ram 64Gb Emmc 1920X1080 Px 720P Camera Chrome Os Abyss Blue,Lenovo,8GB ,$195,4,https://m.media-amazon.com/images/I/71bwzCMcQvL._AC_UY218_.jpg,Other
Lenovo Loq Gaming Laptop Nvidia Geforce Rtx 4050 6Gb 156 Fhd Display Amd Ryzen 7 8845Hs 16Gb Ram 512Gb Ssd Windows 11 Home Luna Grey,Lenovo,6GB ,$967,4,https://m.media-amazon.com/images/I/81+mThsjk6L._AC_UY218_.jpg,Gaming
Asus Vivobook 16 Fhd Ryzen 7 Laptop 16 Fhd 1920 1200 Amd Ryzen 7 7730U Beats Intel I71255U 16Gb Ram 1Tb Ssd Backlit Kb Fp Reader Touchpad Webcam Hdmi Wifi 6 Windows 11 Home Black,ASUS,16GB ,$604,5,https://m.media-amazon.com/images/I/61DJEMbUgXL._AC_UY218_.jpg,Other
Hp Victus 156 Full Hd 144Hz Gaming Laptop Intel Core I512450H Nvidia Geforce Rtx 305064Gb Ram 1Tb Pcie Ssd Backlit Keyboard Wifi 6 Windows 11 Pro Performance Blue,HP,64GB ,$753,4,https://m.media-amazon.com/images/I/71cZs6fmSfL._AC_UY218_.jpg,Gaming
185 Inch Laptops Laptop Computers With 32Gb Ram 128Gb Emmc1024Gb Ssd Windows 11 Computer Celeron N5095 Quadcore Wifi 6 Usb 32 Hdmi Typec Portable Notebook 8000Mahpink,Others,32GB ,$380,5,https://m.media-amazon.com/images/I/71Bw-FcylSL._AC_UY218_.jpg,Other
Lenovo 2024 Ideapad 1 Gen 7 Laptop 156 Fhd Touchscreen Intel Core I31215U 16Gb Ram 1Tb Ssd Sd Card Reader Hdmi Webcam Wifi 6 Windows 11 Home Grey,Lenovo,16GB ,$390,4,https://m.media-amazon.com/images/I/618D46krKZL._AC_UY218_.jpg,Other
Hp 173 Inch Laptop Business And Students Laptops 17 In Fhd Display Amd Ryzen 5 Processor Beat I71165G7 Up To 43Ghz 32Gb Ram 1Tb Ssd Wifi Hdmi Usbc Webcam Win11 Bwe Accessories,HP,32GB ,$550,5,https://m.media-amazon.com/images/I/71vSGdWBWBL._AC_UY218_.jpg,Office
Hp Victus 156 144Hz Fhd Gaming Laptopamd Ryzen 5 7535Hs16Gb Ddr5 Ram512Gb Ssdamd Radeon Rx 6550Mbeats Rtx 2050Backlit Keyboardwindows11 Pro Mica Silver,HP,16GB ,$560,4,https://m.media-amazon.com/images/I/51WsaK-BlbL._AC_UY218_.jpg,Gaming
Jumper Laptop Computer 16 Inch Office 365 16Gb Ram 1152Gb Storage Celeron N5095 Cpu Laptop With Fhd Ips 1920X1200 Display 38Wh Battery 2 Speakers Mini Hdmi Numeric Keypad Business Laptops,Jumper,16GB ,"$1,300",5,https://m.media-amazon.com/images/I/81ypDjiP5GL._AC_UY218_.jpg,Office
Hp Elitebook 650 G10 156 Fhd Business Laptop Computer 13Th Gen Intel 10Core I51335U Beat I71270P 16Gb Ddr4 Ram 512Gb Pcie Ssd Wifi 6E Bluetooth 53 Backlit Kb Fr Windows 11 Pro Azxut,HP,16GB ,$819,4,https://m.media-amazon.com/images/I/71YTCcx4FWL._AC_UY218_.jpg,Office
Lenovo Flagship Chromebook 14 Fhd Touchscreen Slim Thin Light Laptop Computer 8Core Mediatek Kompanio 520 Processor 4Gb Ram 64Gb Emmc Wifi 6Chrome Os Abyss Blue,Lenovo,4GB ,$215,4,https://m.media-amazon.com/images/I/61KlKRdsQ7L._AC_UY218_.jpg,Other
Hp 156 Fhd Touchscreen Business Laptop Intel I71255U 32Gb Ram 1Tb Pcie Ssd Intel Iris Xe Graphics Num Pad Webcam Windows 11 Pro Natural Silver 32Gb Hotface Usb Card,HP,32GB ,$545,4,https://m.media-amazon.com/images/I/815QX9PuzHL._AC_UY218_.jpg,Office
Asus Rog Strix G18 2024 Gaming Laptop 18 Nebula Display 1610 Qhd 240Hz3Ms Geforce Rtx 4070 Intel Core I914900Hx 32Gb Ddr5 1Tb Pcie Ssd Wifi 6E Windows 11 Pro G814Jirxs96,ASUS,32GB ,"$2,099",4,https://m.media-amazon.com/images/I/71ch6f+z8wL._AC_UY218_.jpg,Gaming
Hp Chromebook 14 Laptop Intel Celeron N4120 4 Gb Ram 64 Gb Emmc 14 Hd Display Chrome Os Thin Design 4K Graphics Long Battery Life Ash Gray Keyboard 14Ana0226Nr 2022 Mineral Silver,HP,Others,$172,4,https://m.media-amazon.com/images/I/71tXLOE7wIL._AC_UY218_.jpg,Other
Asus Tuf Gaming A16 2024 Copilot Pc Gaming Laptop 16 1610 165Hz Display Amd Ryzen Ai 9 Hx 370 Nvidia Geforce Rtx 4060 32Gb Lpddr5X 1Tb Pcie Gen 40 Ssd Wifi 6E Windows 11 Fa608Wvab96,ASUS,32GB ,"$1,500",5,https://m.media-amazon.com/images/I/71WfYj45H6L._AC_UY218_.jpg,Gaming
Dell Inspiron 3535 Laptop 156Inch Fhd 1920 X 1080 Display Amd Ryzen 5 7520U Processor 8Gb Ddr4 Ram 512Gb Ssd Amd Radeon Graphics Windows 11 Home 6Months Migrate Carbon Black,Dell,8GB ,$407,4,https://m.media-amazon.com/images/I/71Vel20+qUL._AC_UY218_.jpg,Other
Asus Tuf Gaming A16 Gaming Laptop 16 Fhd 1610 165Hz Display Amd Ryzen 9 7940Hx Nvidia Geforce Rtx 4060 16Gb Ddr5 512Gb Pcie Gen4 Ssd Wifi 6 Windows 11 Fa607Pvas93,ASUS,16GB ,"$1,100",5,https://m.media-amazon.com/images/I/41FC8QoPGbL._AC_UY218_.jpg,Gaming
Hp Premium Stream 14 Hd Brightview Laptop Intel Celeron N4120 16Gb Ram 64Gb Emmc Storage Uhd Graphics Hd Webcam 1 Year Office 365 Bluetooth Wifi Hdmi Win 11S Pink 32Gb Hotface Usb Card,HP,16GB ,$309,4,https://m.media-amazon.com/images/I/61PpSLdUnKL._AC_UY218_.jpg,Office
Laptop Computer 141 Dualcore Cerelon N4000 6Gb Ram 128Gb Ssd Portable Laptop 1366X768 Ips Display Fanless Design Laptop Pc Wifi 245G Bluetooth 50 Usb 30 Mini Hdmi Include Usbc Hub,Laptop,6GB ,$189,5,https://m.media-amazon.com/images/I/71powVGd88L._AC_UY218_.jpg,Other
Hp Flagship 14 Hd Laptop With 1 Year Office 365 16Gb Ram 122Tb Storage64Gb Emmc 160Gb Docking Station Set 1Tb Cloud Storage Intel 4Core Processor Webcam Win 11S Blue,HP,16GB ,$299,4,https://m.media-amazon.com/images/I/81haWCG+4tL._AC_UY218_.jpg,Office
Asus Vivobook S 16 Flip 16 Wuxga Touch Laptop Amd Ryzen 7 7730U Amd Radeon Vega 7 Graphics 16Gb Memory 512Gb Ssd Cool Silver Tn3604Yaas76,ASUS,16GB ,$700,4,https://m.media-amazon.com/images/I/716nD6+J1dL._AC_UY218_.jpg,Other
Dell Inspiron 3520 156 Fhd Laptop Intel Core I71255U Processor 32Gb Ram 1Tb Ssd Webcam Hdmi Sdcard Slot Wifi 6 Windows 11 Home Black,Dell,32GB ,$605,4,https://m.media-amazon.com/images/I/71dKF4pc-6L._AC_UY218_.jpg,Other
Hp 156 Laptop Intel Core I51135G7 Processor Intel Iris Xe Graphics 156 Fhd Antiglare Display Online Meeting Ready Hdmi Wifi And Bluetooth Windows 11 Home16Gb Ram 1Tb Ssd,HP,16GB ,$434,4,https://m.media-amazon.com/images/I/617BBlaprcL._AC_UY218_.jpg,Other
Asus Chromebook Cm14 Laptop 14 Hd Antiglare Display 1366X768 Mediatek Kompanio 520 4Gb Ram 64Gb Emmc Chromeos Gray Cm1402Cm2Ads44 Gravity Grey,ASUS,4GB ,$166,4,https://m.media-amazon.com/images/I/616aCuRtnpL._AC_UY218_.jpg,Other
Laptop Computer Windows Laptop Intel N97 156Inch Ips 16Gb Ddr4 512Gb Ssd Mini Laptop Traditional Laptops Numeric Keypad Wifi5 Hdmi Typec Usb32 Office Laptops,Laptop,16GB ,$324,5,https://m.media-amazon.com/images/I/71SeKXoiW2L._AC_UY218_.jpg,Office
Student Laptop 156 Full Hd 512Gb Ssd 12Gb Ddr4 Ram Intel Jasper Lake N5095 Numeric Keypad Wifi 6 Amd Radeon Graphics Windows 11 Business And Fun Grey,Student,512GB ,$220,4,https://m.media-amazon.com/images/I/71zxaUVlTFL._AC_UY218_.jpg,Office
Lenovo Thinkpad L16 Gen 1 16 Fhd Business Laptop Computer Intel 12Core Ultra 5 135U Beat I71355U 16Gb Ddr5 Ram 512Gb Pcie Ssd Wifi 7 Bt Rj45 Thunderbolt 4 Hdmi Windows 11 Pro Azxut,Lenovo,16GB ,$819,5,https://m.media-amazon.com/images/I/71BpEYXeGRL._AC_UY218_.jpg,Office
Hp Elitebook 650 G10 156 Fhd Business Laptop Computer 13Th Gen Intel 10Core I71355U 32Gb Ddr4 1Tb Ssd Wifi 6E Bt 53 Backlit Kb Fingerprint Reader Windows 11 Pro Azxut Cable,HP,32GB ,"$1,079",4,https://m.media-amazon.com/images/I/71fh+GeupaL._AC_UY218_.jpg,Office
156Inch Windows 11 Laptop 16Gb Ram 512Gb Ssd Fhd Ips Display Laptop Computer Intel N5095 Quad Core 245G Wifi Bt42 Backlit And Fingerprint Lightweight And Portable,Others,16GB ,$249,4,https://m.media-amazon.com/images/I/71jXb8VZCyL._AC_UY218_.jpg,Office
Lenovo V15 Business Laptop Computer 156 Fhd Display Intel Dualcore Cpu 16Gb Ddr4 Ram 512Gb Pcie Ssd Wifi 6 Bluetooth 52 Rj45 Typec Hdmi Numeric Keypad Black Windows 11 Pro Tichang,Lenovo,16GB ,$449,4,https://m.media-amazon.com/images/I/71Cn431oDML._AC_UY218_.jpg,Office
Hp Stream 14 Hd Brightview Laptop Intel Celeron N4120 16Gb Ram 416Gb Storage 128Gb Emmc 288Gb Docking Station Set Intel Uhd Graphics 720P Camera Wifi 1 Year Office 365 Win 11 S Silver,HP,16GB ,$309,4,https://m.media-amazon.com/images/I/71LfqtOQJ9L._AC_UY218_.jpg,Office
160Inch Laptop 2025 16Gb Ddr4 512Gb Ssd Windows 11 Laptop Laptop Computer With Intel 12Th Quadcore Processorup To 36Ghz 1920P Fhd Display Metal Shell Wifi 5 Usb32 Typec,Others,16GB ,"$1,500",3,https://m.media-amazon.com/images/I/71mpxUqUemL._AC_UY218_.jpg,Other
Hp Victus 156 144Hz Fhd Gaming Laptopamd Ryzen 5 7535Hs16Gb Ddr5 Ram1Tb Ssdamd Radeon Rx 6550Mbeats Rtx 2050Backlit Keyboardwindows11 Pro Mica Silver,HP,16GB ,$601,4,https://m.media-amazon.com/images/I/71I+ZJ5O0eL._AC_UY218_.jpg,Gaming
Lenovo Thinkpad E16 G2 16 Fhd Ai Business Laptop Computer Intel 16Core Ultra 7 155H Beat I713705H Arc Graphics 64Gb Ddr5 Ram 2Tb Pcie Ssd Wifi 6E Backlit Kb Fr Windows 11 Pro Azxut,Lenovo,64GB ,"$1,389",5,https://m.media-amazon.com/images/I/712P6GANY1L._AC_UY218_.jpg,Office
Tpv 156 Windows 11 Pro Laptop Ms Office 2024 8Gb Ram 256Gb Storage Intel Celeron N4000Up To 26Ghz 100 Srgb Screen 24G5G Dual Band Wifi Bt42 Usba Long Battery Life Silver,TPV,8GB ,$545,4,https://m.media-amazon.com/images/I/71uUbO+Dj-L._AC_UY218_.jpg,Office
2025 Gaming Laptop Laptop With Amd Ryzen 9 6900Hx 8C16T Up To 49Ghz 16Gb Ddr5 512Gb Nvme Ssd Windows 11 Laptop Computer 16Inch Fhd Display Wifi 6 53Wh Battery Backlit Kb,Others,16GB ,$600,4,https://m.media-amazon.com/images/I/71D7KXJkzEL._AC_UY218_.jpg,Gaming
2025 Gaming Laptop Laptop With Amd Ryzen 9 6900Hx 8C16T Up To 49Ghz 16Gb Ddr5 512Gb Nvme Ssd Windows 11 Laptop Computer 16Inch Fhd Display Wifi 6 53Wh Battery Backlit Kb,Others,16GB ,$600,4,https://m.media-amazon.com/images/I/71D7KXJkzEL._AC_UY218_.jpg,Gaming
Hp 15 Notebook Laptop 156 Full Hd Display Intel Core I51135G7 Processor 16Gb Ddr4 Ram 512Gb Pcie Ssd Usb Typec Webcam Wifi Windows 11 Home Silver,HP,16GB ,$425,4,https://m.media-amazon.com/images/I/71UdDYy+oHL._AC_UY218_.jpg,Other
Hp Pavilion 156 Hd Touchscreen Antiglare Laptop 16Gb Ram 256Gb Ssd Storage Intel Core Processor Up To 41Ghz Up To 11 Hours Long Battery Life Typec Hdmi Windows 11 Home Silver,HP,16GB ,$359,4,https://m.media-amazon.com/images/I/71aYHEHmETL._AC_UY218_.jpg,Other
Hp 156 Inch Touchscreen Laptop Amd Ryzen 5 7520U 8Gb Ddr5 Memory 512Gb Sdd Windows 11 Home In S Mode Amd Radeon Graphics Natural Silver 15Fc0025Dx,HP,8GB ,$385,4,https://m.media-amazon.com/images/I/61DOwrWYWfL._AC_UY218_.jpg,Other
Acemagic 2025 Laptop173Inch Fhd Display Laptop Computer With Quad Core12Th Alder Lake N97Up To 36Ghz 16Gb Ram 512Gb Rom Gaming Laptop Computer 6000Mah Batterysilver,ACEMAGIC,16GB ,$400,5,https://m.media-amazon.com/images/I/81Zz0kBLbWL._AC_UY218_.jpg,Gaming
Hp 156 Fhd Laptop Intel Core I31215U 8Gb Ram 256Gb Ssd Silver Windows 11 Home 15Dy5131Wm,HP,8GB ,$329,4,https://m.media-amazon.com/images/I/41--6OKDR1L._AC_UY218_.jpg,Other
Newasus Business Student Laptop 14 Inch Fhd Display Intelpentium N6000 Processor 4Gb Memory 64Gb Emmc Webcam Wifi Hdmi Usbc Touchpad Up To 10 Hrs Long Battery Life Win 11 Home In S Mode Black,ASUS,4GB ,$545,5,https://m.media-amazon.com/images/I/61C4kUkEqbL._AC_UY218_.jpg,Office
Asus Rog Strix G16 Gaming Laptop 16 Nebula Display 1610 Qhd 240Hz Geforce Rtx 4060 Intel Core I914900Hx 16Gb Ddr55600 1Tb Pcie Ssd Wifi 6E Windows 11 G614Jvres94,ASUS,16GB ,"$1,500",4,https://m.media-amazon.com/images/I/71kOH3in8TL._AC_UY218_.jpg,Gaming
Hp Elitebook 650 G10 156 Fhd Business Laptop Computer 13Th Gen Intel 10Core I51335U Beat I71270P 32Gb Ddr4 Ram 1Tb Pcie Ssd Wifi 6E Bluetooth 53 Backlit Kb Fr Windows 11 Pro Azxut,HP,32GB ,$919,4,https://m.media-amazon.com/images/I/71YTCcx4FWL._AC_UY218_.jpg,Office
Jumper 2025 Laptop Intel 8Core Processorup To 44Ghz 16Gb Ddr4 512Gb Nvme Ssd 156 Fhd Ips Screen 627Wh Battery Wifi6 Bluetooth51 Usb32 4 Stereo Speakers 2 Memory Slots,Jumper,16GB ,"$1,700",5,https://m.media-amazon.com/images/I/71lxqkJV6oL._AC_UY218_.jpg,Other
Asus Tuf F15 Gaming Laptop 156 Fhd 144Hz Intel 14Core I712700H Beat I911950H 32Gb Ram 1Tb Ssd Geforce Rtx 4070 8Gb Graphic Backlit Thunderbolt 4 Usbc Win11 Grey Hdmi Cable,ASUS,32GB ,"$1,222",4,https://m.media-amazon.com/images/I/81dEj3HFDxL._AC_UY218_.jpg,Gaming
Hp Laptop For Business And Student 156 Hd Touchscreen Intel 6Core I31215U Processor 16Gb Ram 512Gb Ssd Lntel Uhd Graphics Windows 11 Home With Microsoft Office Lifetime License,HP,16GB ,$389,4,https://m.media-amazon.com/images/I/61z-K1uaCIL._AC_UY218_.jpg,Office
Asus Tuf A15 Gaming Laptop 156 Full Hd 144Hz Display Geforce Rtx 3050 Amd Ryzen 7 7435Hs 8Gb Ddr5 Ram 512Gb Pcie Ssd Wifi 6 Windows 11,ASUS,8GB ,$601,4,https://m.media-amazon.com/images/I/71TKMMyLCAL._AC_UY218_.jpg,Gaming
Samsung 14 Galaxy Book4 Pro Laptop Pc Computer Intel Core 5 Ultra Processor 512Gb 3K Amoled 2880 X 1800 Touchscreen Advanced Security 2024 Model Np940Xgkkg2Us Moonstone Gray,SAMSUNG,512GB,$880,4,https://m.media-amazon.com/images/I/6131ZgIFn1L._AC_UY218_.jpg,Other
156 Inch Win11 Laptop Computer 1920X1080 Ips Screen 12Gb Ddr5 Ram 512Gb Ssd N95Beats N5095 Processor Notebook Pc Support Fingerprint Wifi 5 Bt Full Size Keyboard,Others,12GB ,$279,5,https://m.media-amazon.com/images/I/71BsRH1A0rL._AC_UY218_.jpg,Other
Dell Inspiron 15 3000 Business Laptop 156 Fhd Display 12Th Gen Intel Core I71255U Windows 11 Pro 32Gb Ddr4 Ram 1Tb Pcie Ssd Wifi 6 Sd Card Reader Long Battery Life,Dell,32GB ,$645,4,https://m.media-amazon.com/images/I/71vtHLQXZlL._AC_UY218_.jpg,Office
Hp 14 Ultra Light Laptop For Students Quadcore Intel N4120 8Gb Ram 256Gb Storage128Gb Emmc128Gb Sd Card With 1 Year Office 365 Included Wifi Webcam Hdmi Usbc Windows 11,HP,8GB ,$230,5,https://m.media-amazon.com/images/I/710PiERgasL._AC_UY218_.jpg,Office
Coolby 156Inch Windows 11 Laptop 12Gb Ram256Gb Ssd 1920X1080 Ips Display Intel N95Beats N5095 Quad Core Laptop Computer Support Fingerprint Wifi 5 Bt,Coolby,12GB ,$259,5,https://m.media-amazon.com/images/I/710+IqmUdlL._AC_UY218_.jpg,Other
Lenovo Legion 5I 16 Display Intel Core I914900Hx Nvidia Geforce Rtx 407032Gb Ram 512Gb Ssd Gsync Windows 11 Home Usba And Usbc Ports Privacy Shutter Camera Luna Grey,Lenovo,32GB ,"$1,556",4,https://m.media-amazon.com/images/I/815yFskJwhL._AC_UY218_.jpg,Other
Hp Victus 156 I5 Gaming Laptop 156 Fhd 19201080 144Hz Intel Core I512450H Nvidia Geforce Rtx 3050 16Gb Ram 1Tb Ssd Backlit Kb Touchpad Sd Card Reader Webcam Hdmi Wifi 6 W11 H Blue,HP,16GB ,$606,4,https://m.media-amazon.com/images/I/71DHV9GZSOL._AC_UY218_.jpg,Gaming
Msi Thin 15 156 144Hz Fhd Gaming Laptop Intel Core I713620H Nvidia Geforce Rtx 4050 16Gb Ddr4 512Gb Nvme Ssd Wifi 6E Win 11 Black B13Ve2678Us,MSI,16GB ,$875,4,https://m.media-amazon.com/images/I/71MfZpnDWRL._AC_UY218_.jpg,Gaming
Android 14 Tablet 10 Inch 2 In 1 Tablets With Keyboard Mouse Case Stylus 8Gb64Gb1Tb Expand Tablet 8Mp Camera Ips Touch Screen Tablet Computer 5G Wifi Bluetooth Long Battery Life Tablet Pink,Android,8GB,$65,4,https://m.media-amazon.com/images/I/71sDYmEedyL._AC_UY218_.jpg,Other
2025 Latest 16 Full Hd Laptop Computer Windows 11 16Gb Ram 512Gb Pcie Ssd 12Th Gen Intel N95 Processormax 34Ghz Work Laptop With Backlit Kb Typec Hdmi Bt Wifi Webcam Silver,Others,16GB ,$279,4,https://m.media-amazon.com/images/I/71ZRBYRtwlL._AC_UY218_.jpg,Other
185 Inch Laptops Windows 11 Laptop For Student And Business With 32Gb Ram 1024Gb Ssd Celeron Quadcore 8000Mah Wifi 6 180 Open Angle Usb 32 3 Hdmigray,Others,32GB ,"$1,700",5,https://m.media-amazon.com/images/I/71yvh-nDtgL._AC_UY218_.jpg,Office
Lenovo 2022 Ideapad 3 Laptop 156 Hd Touchscreen 11Th Gen Intel Core I31115G4 Processor 8Gb Ddr4 Ram 256Gb Pcie Nvme Ssd Hdmi Webcam Wifi 5 Bluetooth Windows 11 Home Platinum Grey,Lenovo,8GB ,$315,4,https://m.media-amazon.com/images/I/81M05PyYgYL._AC_UY218_.jpg,Other
Acemagic 156 Laptop With N97 Processorup To 36Ghz 16Gb Ram 512Gb Ssd Laptop Windows 11 Traditional Laptop Lomputer With Numeric Keyboard Fhd Screen Webcam Lightthin,ACEMAGIC,16GB ,$360,5,https://m.media-amazon.com/images/I/61+cZAG4Y5L._AC_UY218_.jpg,Other
Lenovo Thinkbook 16 G6 16 Fhd Laptop Computer 13Th Gen Intel 10Core I51335U Beat I71270P 16Gb Ddr5 Ram 512Gb Pcie Ssd Wifi 6 Bluetooth 51 Fingerprint Reader Windows 11 Pro Tilsiy Cable,Lenovo,16GB ,$769,4,https://m.media-amazon.com/images/I/71WVfPJg77L._AC_UY218_.jpg,Other
Hp 156 Fhd Notebook Intel Core I51235U 8Gb Ram 512Gb Ssd Natural Silver,HP,8GB ,$379,4,https://m.media-amazon.com/images/I/41+nURaOLeL._AC_UY218_.jpg,Other
Laptop 156 Inch Laptop Computer With Fhd Ips 1920X1080 Display 8Gb Ram 256Gb Ssd N5095 Quad Core Processor38Wh Battery Wifi Usb32 Webcam Poratable Student And Business Laptops,Laptop,8GB ,$209,5,https://m.media-amazon.com/images/I/71amUcHIT4L._AC_UY218_.jpg,Office
156 Inch Laptops Laptop With 8Gb Ram 256Gb Ssd Gaming Laptop For N4000 Traditional Laptop Computers Full Hd 1920X1080 Display Wif5 Minihdmi 180 Angle Opening Netbook For Student Business Work,Others,8GB ,$230,4,https://m.media-amazon.com/images/I/61iCliVCz+L._AC_UY218_.jpg,Gaming
156 2In1 Laptop 16Gb Ddr4 Ram 512Gb Storage Amd Ryzen 3 3200U Up To 35Ghz Amd Radeon Vega 3 Fhd Touchscreen Windows 11 Pro Wifi 5 Bt51 Rj45 Backlit Keyboard Gray,Others,16GB ,$319,4,https://m.media-amazon.com/images/I/71wGX-tgpBL._AC_UY218_.jpg,Other
14 Laptop Win 11 256Gb Ssd Up To 1Tb Ssd Expand Celeron N4020 Up To 28Ghz Dualcore Processor 6Gb Ddr4 1920X1080 Fhd Dual Wifi Bt42 With Webcam Keyboard Protect Flim For Businessgray,Others,256GB ,$310,4,https://m.media-amazon.com/images/I/71wBex7BntL._AC_UY218_.jpg,Office
Hp Victus 156 Fhd 144Hz Gaming Laptop Amd Ryzen 57535Hs Amd Radeon Rx 6550M Beats Rtx 2050 Backlit Keyboard Windows 11 Home Wcloth 16Gb Ram 512Gb Pcie Ssd,HP,16GB ,$575,4,https://m.media-amazon.com/images/I/71IxKknCmcL._AC_UY218_.jpg,Gaming
Lenovo Chromebook 14 Touchscreen Slim Laptop Business Student 8Core Mediatek Kompanio 520 4Gb Ram 128Gb Storage 64Gb Emmc64Gb Card Wifi 6 Long Battery Chrome Osmarxsolaccessory,Lenovo,4GB ,$249,4,https://m.media-amazon.com/images/I/61KN2LqCkcL._AC_UY218_.jpg,Office
Microsoft Surface Pro 2In1 Laptoptablet 2024 Windows 11 Copilot Pc 13 Touchscreen Display Snapdragon X Plus 10 Core 16Gb Ram 512Gb Storage Black,Microsoft,16GB ,$899,4,https://m.media-amazon.com/images/I/617kakTyb3L._AC_UY218_.jpg,Other
Z141 14 Laptop Inter Celeron N Processor 8Gb Ram 256Gb Ssd Windows 11 Ultrathin Lightweight 4H Long Battery Life For Basic Business Office Study Sliver,Others,8GB ,$186,4,https://m.media-amazon.com/images/I/71v1tJI0wSL._AC_UY218_.jpg,Office
Laptop Computer Intel N97 Windows Laptop 156Inch Ips 16Gb Ddr4 512Gb M2 2280 Ssd Traditional Laptops Numeric Keypad Wifi5 Hdmi Typec Usb,Laptop,16GB ,$340,5,https://m.media-amazon.com/images/I/71emF4p1RbL._AC_UY218_.jpg,Other
Tpv 16 Windows 11 Pro Laptop Intel Core I5 16Gb Ram 512Gb Ssd Ms Office 2024 Ips Display Business Notebook Computer With Usb C Bt50 Dual Band Wifi Rj45 Hdmi Backlit Keyboard Gray,TPV,16GB ,$319,5,https://m.media-amazon.com/images/I/81StbXTGn1L._AC_UY218_.jpg,Office
Asus L410 Madb02 Ultra Thin Laptop 14 Fhd Display Intel Celeron N4020 Processor 4Gb Ram 64Gb Storage Numberpad Windows 10 Home In S Mode Star Black,ASUS,4GB ,$142,4,https://m.media-amazon.com/images/I/71LXYdhtD3L._AC_UY218_.jpg,Other
Laptop 156 Inch Win 11 Laptop Computer 8Gb Ram 256Gb Ssd Intel Celeron N5095 Quadcore Processorup To 29 Ghz 1080P Full Hd Display Backlit Keyboard Fingerprintusb30Mini Hdmi,Laptop,8GB ,$196,5,https://m.media-amazon.com/images/I/61Nekoni9rL._AC_UY218_.jpg,Other
Acer Predator Triton Neo 16 Gaming Creator Laptop 16 Wqxga 240Hz Calman Verified Aipowered Intel Core Ultra 7 Processor 155H Nvidia Geforce Rtx 4060 16Gb Lpddr5X 1Tb Ssd Ptn165171Dy,Acer,16GB ,"$1,059",4,https://m.media-amazon.com/images/I/819DGOajgTL._AC_UY218_.jpg,Gaming
Jumper Laptop Computer 14 Inch 12Gb Ram 512Gb Storage Office 365 Laptop With Fhd 1920X1080 Display Celeron N4000 Cpu 24G5G Wifi Bt40 3552Wh Battery Portable Laptops,Jumper,12GB ,$810,5,https://m.media-amazon.com/images/I/71faMYtWT2L._AC_UY218_.jpg,Office
Lenovo Ideapad Laptop 2024 Premium 14 Hd Screen Thin Light Intel Celeron N4020 Upto 28Ghz 4Gb Ram 256Gb 128Gb Emmc 128Gb Card Wifi Webcam 11 Hours Battery Window 11Shubxcelaccessory,Lenovo,4GB ,$194,4,https://m.media-amazon.com/images/I/81QQP7O9kFL._AC_UY218_.jpg,Other
Dell Latitude 3550 15 Laptop 156 Fhd Computer Intel 12Core Ultra 7 155U Beat I71355U 32Gb Ddr5 Ram 1Tb Pcie Ssd Wifi 6 Usb 4 Hdmi Backlit Keyboard Fingerprint Reader Windows 11 Pro,Dell,32GB ,"$1,159",5,https://m.media-amazon.com/images/I/81l0vIoTsyL._AC_UY218_.jpg,Other
Dell Latitude 5450 5000 14 Fhd Business Laptop Computer Intel 12Core Ultra 5 135U Beat I71355U 16Gb Ddr5 Ram 512Gb Pcie Ssd Wifi 6E Backlit Keyboard Thunderbolt 4 Hdmi Windows 11 Pro,Dell,16GB ,$849,5,https://m.media-amazon.com/images/I/81vCWlOHcBL._AC_UY218_.jpg,Office
Aoc Laptop Computer 16Gb Ram 512Gb Ssd Work Laptops 156 Inch Fhd Screen Premium Laptop Up To 36Ghz Windows 11 Laptop Computer Lightthin Metal Shell Webcam Typec Usb32,AOC,16GB ,"$1,400",4,https://m.media-amazon.com/images/I/71ioErWlYBL._AC_UY218_.jpg,Other
Win11 Laptop 8Gb Ram256Gb Ssd 141 Inch 1920 X 1080 Ips Display Intel N5095 Quad Core Processor Notebook Computer Support 24G5G Hz Wifi Bt,Windows,8GB ,$219,5,https://m.media-amazon.com/images/I/71A95x+QT4L._AC_UY218_.jpg,Other
Windows Laptop Computer 141 Inch Quad Core Laptop Notebook Windows 11 Traditional Laptop Computers With 6Gb Ddr4 256Gb Ssd 245G Wifi Bt40 Hdmi Usb 30 Large Battery Capacity,Windows,6GB ,$210,4,https://m.media-amazon.com/images/I/71hBfbeZGAL._AC_UY218_.jpg,Other
Hp New 14 Hd Ultra Light Thin Laptop Quadcore Intel Celeron Processor 8Gb Ram 192Gb 64Gb Emmc 128Gb Card Wifi Upto 11 Hours Windows 11 S 1 Year Office 365Hubxcelaccessory Pink,HP,8GB ,$251,4,https://m.media-amazon.com/images/I/71PMQwmhUML._AC_UY218_.jpg,Office
Hp 2023 17 Laptop 173 Inch Fhd Antiglare Display 13Th Gen Intel 10Core I51335Ubeat I71255U 16Gb Ram 512Gb Ssd Intel Iris Xe Graphics Backlit Keyboard Windows 11 Home Silver,HP,16GB ,$545,4,https://m.media-amazon.com/images/I/71jUo39pM-L._AC_UY218_.jpg,Other
Laptop 116 Slim Light Netbook N4000 Dual Core Processor 8Gb Ram 256Gb Ssd Hd Webcam Wifi Bluetooth Usb30 Hdmi Tf Card For Student Business Windows 11 Pro,Laptop,8GB ,$169,4,https://m.media-amazon.com/images/I/71u+yC9rxTL._AC_UY218_.jpg,Office
Laptop Computer With Ms Office 2024 141 Inch Hd Display 8Gb Ram128Gb Ssd N5095 Quad Core Processor Notebook Pc Support 24G5G Hz Wifi Bt,Laptop,8GB ,$199,4,https://m.media-amazon.com/images/I/718gBqWNVJL._AC_UY218_.jpg,Office
Lenovo Ideapad 3 156 Fhd Chromebook Laptop Intel Celeron N4500 Intel Uhd Graphics 4Gb Ram 64Gb Ssd Usbac Hdmi Wifi Chrome Os,Lenovo,4GB ,$160,4,https://m.media-amazon.com/images/I/613oHtHur-L._AC_UY218_.jpg,Other
Symcode 2D Qr Industrial Barcode Scanner With Wireless Charging Stand Rugged Heavy Duty 2000 Feet Transmission Distance 433Mhz 2In1 Bluetooth Wireless Handsfree Barcode Reader For Laptop Tablet,Symcode,Others,$80,4,https://m.media-amazon.com/images/I/61BlDs7LYEL._AC_UY218_.jpg,Other
Hp Envy 173 Touchscreen Laptop Windows 11 Office 365 Intel Core Ultra 7 155H Backlit Keyboard Business Laptop 202464Gb Ram 2Tb Pcie Ssd Computadora Porttil 173 Large Screen,HP,64GB ,"$1,270",4,https://m.media-amazon.com/images/I/718Y+W1RiAL._AC_UY218_.jpg,Office
Chuwi Herobook Pro 141 Laptop 256Gb Ssd 8Gb Ram Windows 11 Laptop 1Tb Ssd Expand Intel Celeron N4020Up To 28Ghz 2K Fhd Ips Display Ultra Slim Minihdmi 5G Wifi Usb30 Webcamtf Card,CHUWI,256GB ,$181,4,https://m.media-amazon.com/images/I/61Iyy+2damL._AC_UY218_.jpg,Other
Hp Pavilion 16 Touchscreen Laptop Wuxga 1920 X 1200 Amd Ryzen 7 8840U 16Gb Lpddr56400Mhz Ram 1Tb Pcie Ssd Copilot Pc Wifi 61080P Webcam Windows 11 Home Wstylus Pen,HP,16GB ,$750,4,https://m.media-amazon.com/images/I/710c-ic2nGL._AC_UY218_.jpg,Other
Dell Latitude 3550 15 Business Ai Laptop 156 Fhd Computer Intel Ultra 5 135U Beat I71355U 32Gb Ddr5 Ram 1Tb Pcie Ssd Wifi 6 Backlit Keyboard Fingerprint Reader Windows 11 Pro,Dell,32GB ,$969,5,https://m.media-amazon.com/images/I/81Vkr0PliBL._AC_UY218_.jpg,Office
Asus Zenbook 15 Business Slim Laptop 156 Fhd 100 Srgb Amd Ryzen 5 7535U Backlit Keyboard Wifi 6E Usb C Windows 11 Home Wcloth 16Gb Lpddr5 Ram 1Tb Pcie Ssd,ASUS,16GB ,$770,4,https://m.media-amazon.com/images/I/81kZHe-6jSL._AC_UY218_.jpg,Office
Samsung 156 Galaxy Book3 Laptop Pc Computer 13Th Gen Intel Core I71355U Processor 16 Gb 512Gb Thin And Light Fhd Screen Fingerprint Reader Hd Webcam 2023 Model Np750Xfgkb2Us Silver,SAMSUNG,512GB,$630,4,https://m.media-amazon.com/images/I/61nPQo2jH4L._AC_UY218_.jpg,Other
Dell 2023 Inspiron 15 3525 Laptop 156 Fhd Display Amd Ryzen 5 5500U Processor Up To 4Ghz 8Gb Ram 512Gb Ssd Amd Radeon Graphics Wifi Bluetooth Windows 11 Home,Dell,8GB ,$369,4,https://m.media-amazon.com/images/I/61KPrzQ14GL._AC_UY218_.jpg,Other
Dell Latitude 3440 Laptop 14 Fhd Intel Core I71355U 32Gb Ram 1Tb Nvme Ssd Webcam Ax Wifi Bluetooth Backlit Keyboard Hdmi Usb C Display Port Windows 11 Pro Notebook Grey,Dell,32GB ,"$1,030",4,https://m.media-amazon.com/images/I/711TE2UE2aL._AC_UY218_.jpg,Other
Nimo 156 Fhd Ips Student Laptop 16Gb Ram 1Tb Ssd Intel Pentium Quadcore N100Beat To I3 1115G4 Up To 34Ghz 2 Years Warranty Fingerprint Backlit Keyboard Wifi 6Win 11 Rose Gold,NIMO,16GB ,$545,5,https://m.media-amazon.com/images/I/712XFege3PL._AC_UY218_.jpg,Student
Jumper Laptop Computer 16 Inch Office 365 Laptops With 16Gb Ram 1152Gb Storage Fhd Ips 1920X1200 Display 12Th N95 Cpuup To 34Ghz 38Wh Battery 2 Speakers Mini Hdmi 1610,Jumper,16GB ,"$1,300",5,https://m.media-amazon.com/images/I/81Mn7MI8lVL._AC_UY218_.jpg,Office
Newasus 14 Fhd Laptop For Business Student Intel Pentium N6000 With 4Gb Memory 64Gb Emmc Wifi Bluetooth Webcam Manufacturers Warrantywindows 11 Home Battery Life Up To 10 Hoursstar Black,ASUS,4GB ,$157,4,https://m.media-amazon.com/images/I/41t4ZTJewJL._AC_UY218_.jpg,Office
Lenovo Thinkpad E16 Gen 2 Business Laptop 160 Ips Wuxga Display Amd Ryzen 5 7535U 32Gb Ddr5 1Tb Pcie Ssd Backlit Kyb Fingerprint Wifi 6E Bt 53 Win 11 Pro Wdkz Hub Usb Port Expander,Lenovo,32GB ,$770,4,https://m.media-amazon.com/images/I/71zi9VuEoeL._AC_UY218_.jpg,Office
Lenovo Legion Pro 5I 16 Wqxga 2560 X 1600 Gaming Laptop I913900Hx 24Core Processorgeforce Rtx 4060 Tgp 140W Win 11 Home Wmouse Pad 64Gb Ram 4Tb Pcie Ssd,Lenovo,64GB ,"$1,760",4,https://m.media-amazon.com/images/I/71MBMfshx0L._AC_UY218_.jpg,Gaming
Coolby Laptop Computer 141 Inch Windows 11 Laptop With Hd Display 8Gb Ram128Gb Ssd Intel N5095 Quad Core Notebook Pc Support 24G5G Hz Wifi Bt,Coolby,8GB ,$199,5,https://m.media-amazon.com/images/I/71-IGd1OqUL._AC_UY218_.jpg,Other
Hp Chromebook Plus X360 14 Inch Laptop Fhd Touchscreen Intel Core I3N305 8 Gb Ram 128 Gb Ufs Intel Uhd Graphics Chrome Os 14Bcd0010Nr 2024,HP,Others,$346,4,https://m.media-amazon.com/images/I/616PpcGimnL._AC_UY218_.jpg,Other
Gaming Laptop I5 16 Inch Laptops Laptop Computer Up To 360Ghztraditional Laptop Computers For 16Gb Ram 512Gb Ssd Business Laptop With Full Hd 1920X1200 Display 180 Angle Opening Wifi 5 Lap Top,Gaming,16GB ,$330,4,https://m.media-amazon.com/images/I/71Ko2irFs+L._AC_UY218_.jpg,Gaming
Asus 156 Fhd Vivobook Laptop Amd Ryzen 5 7530U 6Core 16Gb Ram 512 Gb Ssd Fingerprint Reader Quiet Blue M1502Ya,ASUS,16GB ,$429,4,https://m.media-amazon.com/images/I/418wTK8HQ1L._AC_UY218_.jpg,Other
Hp 17Inch Touchscreen Laptop Ai 202410Core Intel I7150U Beat I71355U Backlit Keyboard Windows 11 Office 365 One Year 64Gb Ram 2Tb Pcie Ssd Computadora Laptop Work Business College 2024,HP,64GB ,$950,4,https://m.media-amazon.com/images/I/71koIwtFH4L._AC_UY218_.jpg,Office
Lenovo 2024 Ideapad 1 Gen 7 Laptop 156 Fhd Touchscreen Intel Core I31215U 24Gb Ram 1Tb Ssd Sd Card Reader Hdmi Webcam Wifi 6 Windows 11 Home Grey,Lenovo,24GB ,$399,4,https://m.media-amazon.com/images/I/618D46krKZL._AC_UY218_.jpg,Other
Hp 2024 Stream 14 Inch Laptop For Students And Business Silver Laptop 4Gb Ram 128Gb Emmc Storage 1Year Office 365 Intel Celeron N4120 Intel Uhd Graphics Win 11 S,HP,4GB ,$207,4,https://m.media-amazon.com/images/I/71k3C6g7KpL._AC_UY218_.jpg,Office
156 Gaming Laptopamd Ryzen7 5825U32Gb Ram1Tb Ssd1080P Fhd Displaysuitable For Working Students And Gamersnumeric Keypadbacklit Keyboardfingerprint Unlockhdmitypecmetal Casegrey,Others,32GB ,$699,5,https://m.media-amazon.com/images/I/71H4cGrP+HL._AC_UY218_.jpg,Gaming
Samsung 16 Galaxy Book5 Pro 360 Copilot Ai Laptop Pc Computer Intel Core 7 Ultra Processor 3K Amoled 2880 X 1800 Touchscreen 120Hz Refresh Rate Dolby Atmos Quad Speakers Allday Battery Life,SAMSUNG,Others,"$1,700",4,https://m.media-amazon.com/images/I/61h8hDNfy7L._AC_UY218_.jpg,Other
Asus Vivobook Go 15 L510 Thin Light Laptop Computer 156 Fhd Display Intel Celeron N4020 Processor 4Gb Ram 64Gb Storage Windows 11 Home In S Mode 1 Year Microsoft 365 Star Black L510Maas02,ASUS,4GB ,$228,4,https://m.media-amazon.com/images/I/51U9xem9OxL._AC_UY218_.jpg,Other
Asus Laptop For Business Student 14 1920X1080 Fhd Display Celeron N4500 4Gb Ram 64Gb Emmc 128Gb Pcie Ssd Numberpad Wifi Usbc Fast Charge Hdmi Pdg Hdmi Cable Win 11 Home S Star Black,ASUS,4GB ,$162,4,https://m.media-amazon.com/images/I/614N0MAxVHL._AC_UY218_.jpg,Office
Gaming Laptoplaptop12Gb Ddr4 Nvme 512Gb Ssdcore I31000Ng4 2 Cores 4 Threads Up To 32Ghz Processor156 Fhd Display 1920X1080 Ips 180 Vieing Anglealuminum Bodywith Wifibtbacklit Keyboard,Gaming,12GB ,$280,5,https://m.media-amazon.com/images/I/71WxsKHJS-L._AC_UY218_.jpg,Gaming
Hp Elitebook 665 G11 16 Fhd Business Laptop Computer Octacore Amd Ryzen 7 7735U Beat I71270P 32Gb Ddr5 Ram 1Tb Pcie Ssd Wifi 6E Backlit Kb Fingerprint Reader Windows 11 Pro Befectoy,HP,32GB ,$929,5,https://m.media-amazon.com/images/I/71j3eqr3ljL._AC_UY218_.jpg,Office
Lenovo Vseries V15 Business Laptop 156 Fhd Display Amd Ryzen 7 7730U 40Gb Ram 2Tb Ssd Numeric Keypad Hdmi Rj45 Webcam Wifi Windows 11 Pro Black,Lenovo,40GB ,$626,4,https://m.media-amazon.com/images/I/71TN6dLVcsL._AC_UY218_.jpg,Office
156 Inch Laptop Intel 12Th Quad Core N100Up To 34Ghz12Gb Lpddr4 Ram 512Gb Ssd 2K Fhd Ips Laptops 24G5G Wifi Webcamfullfeatured Typecextra Large Touchpadlarge Capacity Battery,Others,12GB ,$229,5,https://m.media-amazon.com/images/I/71ho4g6QfYL._AC_UY218_.jpg,Other
Hp 173 Fhd Laptop Amd Ryzen 5 5500U Beat I510500 6Core Up To 40Ghz 8Gb Ram 256Gb Nvme Ssd Usbc Numeric Keypad Fingerprint Hdmi Webcam Wifi Win 10S Natural Silver,HP,8GB ,$395,4,https://m.media-amazon.com/images/I/81ythctDz3L._AC_UY218_.jpg,Other
2025 Latest Windows 11 Laptop 156 32Gb Dualchannel Ram 512Gb Ssd Intel N5095 Processormax 29Ghz 1080P Full Hd Display Backlit Keyboard Fingerprint Webcam Usb30 Hdmi Wifi5 Bt,Others,32GB ,$369,4,https://m.media-amazon.com/images/I/61xseSLmcIL._AC_UY218_.jpg,Other
Hp 156 Fhd Display Laptop Intel Core I51235Ubeat Amd Ryzen 5 7520U Intel Iris Xe Graphics Camerasilver Wifi 8Gb Ram 256Gb Ssd Windows 11 Home Bundle With 64Gb Usb Flash Drive,HP,8GB ,$379,4,https://m.media-amazon.com/images/I/61s0GPfaTTL._AC_UY218_.jpg,Other
Lenovo Thinkbook 15 Gen 4 Business Laptop 156 Fhd Antiglare Amd Octacore Ryzen 7 5825U Beats I71355U 16Gb Ram 512Gb Ssd Fingerprint Usbc Fhd 1080P Privacy Camera Win11Pro Grey Hdmi Cable,Lenovo,16GB ,$559,5,https://m.media-amazon.com/images/I/71xoJi2ToRL._AC_UY218_.jpg,Office
Asus Vivobook Laptop 140 Fhd Display 6Core Intel I31215U 16Gb Ram 512Gb Pcie Ssd Intel Uhd Wif 6E Bluetooth 53 Webcam Win 11 Home Smode Wdkz Usb Hub Port Expander,ASUS,16GB ,$310,4,https://m.media-amazon.com/images/I/61jBmxVlScL._AC_UY218_.jpg,Other
Asus Tuf Gaming A16 Laptop 16Inch Wuxga Display 165Hz 100 Srgb Amd Ryzen7 7735Hs Beat I712650H Amd Radeon Rx7600S Beat Rtx 406032Gb Ram 2Tb Pcie Ssd Backlit Keyboard Hdmi Cable,ASUS,32GB ,"$1,010",4,https://m.media-amazon.com/images/I/81Xk8ewcA-L._AC_UY218_.jpg,Gaming
Lenovo Thinkbook 16 G6 16 Fhd Business Laptop Computer 13Th Gen Intel Octacore I513420H Beat I71355U 32Gb Ddr5 Ram 1Tb Pcie Ssd Wifi 6 Bt 52 Fingerprint Reader Windows 11 Pro Azxut,Lenovo,32GB ,$799,4,https://m.media-amazon.com/images/I/71SPdvIqvML._AC_UY218_.jpg,Office
Lg Gram Style 14 Oled Laptop Intel 13Th Gen Core I7 Evo Platform Windows 11 Home 32Gb Ram 1Tb Ssd Dynamic White,LG,32GB ,"$1,800",4,https://m.media-amazon.com/images/I/71oEw8WrzgL._AC_UY218_.jpg,Other
Lg Gram 16Inch Lightweight Laptop Intel Evo Edition Aienabled Intel Core Ultra 7 Processor Windows 11 Home 16Gb Ram 2Tb Ssd Black,LG,16GB ,"$1,435",4,https://m.media-amazon.com/images/I/71f7N9q33yL._AC_UY218_.jpg,Office
Lenovo Loq 15 Gaming Laptop Rtx 3050 Amd Ryzen 5 7235Hs Beat I511320H Fhd Display 144Hz 64Gb Ram 2Tb Pcie Ssd Backlit Keyboard Windows 11 Gsync Hdmi Cable,Lenovo,64GB ,$880,4,https://m.media-amazon.com/images/I/71k39+pqMeL._AC_UY218_.jpg,Gaming
Gaming Laptoplaptop Computern100 Cpuup To 32Ghz156Fhd 1920X1080P Ipx16Gb Ddr4 512Gb Ssd Full Metal Housingwifibt50Usb32X3Supports Type C Charging180Vieing Anglewin 11 Prospace Gray,Gaming,16GB ,$256,2,https://m.media-amazon.com/images/I/7179U+nwwpL._AC_UY218_.jpg,Gaming
Msi Prestige 16 Evo 16 Qhd 165Hz Laptop Intel Core I713700H Intel Iris Xe 32Gb Ddr5 1Tb Nvme Ssd Thunderbolt 4 Hdmi Microsd Card Reader Win 11 Pro Urban Silver A13M406Us,MSI,32GB ,$545,4,https://m.media-amazon.com/images/I/712M13ZaI-L._AC_UY218_.jpg,Other
Asus Tuf Gaming A15 Laptop 156 Fhd 144Hz Gaming Laptop Amd Ryzen 77435Hs Nvidia Geforce Rtx 3050 144Hz 4Gb 16Gb Ddr5 1 Tb Pcie Ssd Bk Windows 11 Home Twe Mouse Pad Mouse,ASUS,4GB ,$720,3,https://m.media-amazon.com/images/I/71UeU9516qL._AC_UY218_.jpg,Gaming
156 Inch Laptop Laptop Computer With N4000 Processor With 8Gb Ram 256Gb Ssd Fhd Display 19201080P Wifi5 Bt42 Hdmi Windows 11 Laptop Thin And Light Laptop Office Laptop Study Laptop,Others,8GB ,$240,5,https://m.media-amazon.com/images/I/71fdZ0xUS9L._AC_UY218_.jpg,Office
Dell 2023 Inspiron 15 3000 Business Laptop 156 Fhd Display 12Th Gen Intel Core I71255Uwindows 11 Home 32Gb Ddr4 Ram 1Tb Pcie Ssd Wifi 6 Long Battery Life Carbon Black,DELL,32GB ,$639,1,https://m.media-amazon.com/images/I/6117ibzU5IL._AC_UY218_.jpg,Office
Asus Tuf Gaming A16 Laptop 16 Fhd 165Hz 7Ms 100 Srgb Amd Octacore Ryzen 7 7735Hs 32Gb Ram 1Tb Ssd Radeon Rx 7600S 8Gb Graphics Rtx 4060 Backlit Usbc Usb4 Fast Charging Win11 Hdmi Cable,ASUS,32GB ,$975,3,https://m.media-amazon.com/images/I/71BrA15pvpL._AC_UY218_.jpg,Gaming
Samsung Galaxy Book4 Ai Business Laptop Windows 11 Pro 156 Fhd Intel 10Core 7150U 16Gb Ram 1Tb Ssd Lifetime Microsoft Office Backlit Kb Fingerprint Rj45 15Hrs Battery Life Hubbattery,Samsung,16GB ,$799,5,https://m.media-amazon.com/images/I/71Injv65HmL._AC_UY218_.jpg,Office
Msi Cyborg 156 Gaming Laptop 13Th Gen Intel Core I713620H Geforce Rtx 4050 156 Fhd 1920 X 1080 144Hz Ips 169 Display 16Gb Ddr5 5200Mhz Ram 1Tb Nvme Solid State Drive,MSI,16GB ,$545,4,https://m.media-amazon.com/images/I/61k+By5zfSL._AC_UY218_.jpg,Gaming
Hp Victus 156 144Hz Fhd Gaming Laptopamd Ryzen 5 7535Hs32Gb Ddr5 Ram1Tb Ssdamd Radeon Rx 6550Mbeats Rtx 2050Backlit Keyboardwindows11 Pro Mica Silver,HP,32GB ,$678,4,https://m.media-amazon.com/images/I/71I+ZJ5O0eL._AC_UY218_.jpg,Gaming
Msi Katana 15 Gaming Laptop 156 Fhd Ips 144Hz 12Th Gen Intel 10Core I712650H Up To 47Ghz Geforce Rtx 4070 64Gb Ddr5 2Tb Pcie Ssd Wifi 6 4Zone Rgb Keyboard Typec Hdmi Black B12V,MSI,64GB ,"$1,480",4,https://m.media-amazon.com/images/I/61cMntcROkL._AC_UY218_.jpg,Gaming
J5Create Usb C 4K Triple Display Hub 4K Hdmi X2 4K Dp 2 Usba And Usbc 10Gbps Pd 100W Ethernet Sd 40 Card Reader For Xps Surface Pro Jcd397,Others,10Gb,$110,4,https://m.media-amazon.com/images/I/61NRNeJXq6L._AC_UY218_.jpg,Other
Acer Predator Helios Neo 16 Laptop 16 Wuxga 165Hz Ips Display Core I914900Hx Geforce Rtx 4060 32Gb Ddr5 1Tb Pcle 40 4Zone Rgb Kb Wifi 6E Tb 4 Rj45 Rgb Mouse Pad Win 11 Pro Renewed,Acer,32GB ,$545,4,https://m.media-amazon.com/images/I/611cEI3TmBL._AC_UY218_.jpg,Other
Portable Monitor 156 Inch 1080P Usbc Hdmi Ultraslim Travel Monitor With Kickstand For Laptop Pc Mac Phone Ps Xbox Swich Ips Ultrathin Zero Frame Gaming Monitor,Portable,Others,$56,5,https://m.media-amazon.com/images/I/71FUhUOg+ZL._AC_UY218_.jpg,Gaming
Asus Vivobook S 16 Flip 16 Wuxga Touchscreen Laptop Intel 14Cores I913900H 1080P Webcam Harmankardon Wifi 6E Backlit Kb Win 11H Wpen 40Gb Ram 2Tb Ssdpen,ASUS,40GB ,"$1,070",4,https://m.media-amazon.com/images/I/719rO1ffdnL._AC_UY218_.jpg,Other
Hp New 14 Hd Ultral Light Thin Laptop Quadcore Intel Celeron Processor 16Gb Ram 564Gb 64Gb Emmc 500Gb Ext Wifi Upto 11 Hours Windows 11 S 1 Year Office 365Hubxcelaccessory Royal Blue,HP,16GB ,$329,4,https://m.media-amazon.com/images/I/81cnc0eYcDL._AC_UY218_.jpg,Office
Jumper Laptop 156 Inch 16Gb Ram 640Gb Storage Office 365 Laptop Computer With N95 Cpu Fhd 1920X1080 Display 38Wh Battery 2 Speakers 24G5G Wifi Bt40,Jumper,16GB ,$259,4,https://m.media-amazon.com/images/I/713Psvv7MbL._AC_UY218_.jpg,Office
Lenovo Thinkbook 16 G6 16 Fhd Laptop Computer 13Th Gen Intel 10Core I51335U Beat I71270P 16Gb Ddr5 Ram 1Tb Pcie Ssd Wifi 6 Bluetooth 51 Fingerprint Reader Windows 11 Pro Tilsiy Cable,Lenovo,16GB ,$799,4,https://m.media-amazon.com/images/I/71WVfPJg77L._AC_UY218_.jpg,Other
Hp Elitebook 650 G10 156 Fhd Business Laptop Computer 13Th Gen Intel 10Core I51335U Beat I71270P 64Gb Ddr4 Ram 2Tb Pcie Ssd Wifi 6E Bluetooth 53 Backlit Kb Fr Windows 11 Pro Azxut,HP,64GB ,"$1,099",4,https://m.media-amazon.com/images/I/71YTCcx4FWL._AC_UY218_.jpg,Office
156Inch Portable Monitor1080P Usbc Hdmi Second External Monitor For Laptoppcmac Phonepsxboxswichips Ultrathin Zero Frame Gaming Monitorpremium Smart Cover,Others,Others,$80,5,https://m.media-amazon.com/images/I/71WdRXWl8fL._AC_UY218_.jpg,Gaming
2025 New 2In1 Laptop Tablet 12 Inch 2K Fhd Ips Touchscreen Display Intel N100 12Gb Ddr5 Ram 512Gb Ssd Windows 11 Tablet With Magnetic Keyboard Dual Stereo Speakers Dual Camera 2 Typec,Others,12GB ,"$1,200",4,https://m.media-amazon.com/images/I/81kDSITVsKL._AC_UY218_.jpg,Other
Innoview Portable Monitor 156 Inch Fhd 1080P Hdmi Usb C Second External Monitor For Laptop Desktop Macbook Phones Tablet Ps54 Xbox Switch Builtin Speaker With Protective Case,InnoView,Others,$86,4,https://m.media-amazon.com/images/I/71R7vAA5DeL._AC_UY218_.jpg,Other
16 Inch Laptop Computer Gaming Laptop 16Gb Ram 512Gb Ssd N100 Processor Fhd 1920 1080 Backlit Keyboard Windows 11 Pro Fingerprint Unlock Bt 42,Others,16GB ,$350,4,https://m.media-amazon.com/images/I/61xi-aFnJtL._AC_UY218_.jpg,Gaming
Laptop Screen Extender 14 Laptop Monitor Extender Plug Play360 Rotationdetachable Portable Dual Monitor With Stretchable Metal Base For Any Size Laptops Compatible With Macwindows,Laptop,Others,$320,5,https://m.media-amazon.com/images/I/71tQxF0nsvL._AC_UY218_.jpg,Other
Laptop Screen Extender 156 Portable Monitor 120 Srgb Fhd 1080P Triple Laptop Screen Extender 235Rotation Detachable Dual Monitor For 13173 Laptop Compatible With Macwinsandroid,Laptop,Others,$300,4,https://m.media-amazon.com/images/I/715Wp-GP2vL._AC_UY218_.jpg,Other
Samsung Galaxy Book3 360 2In1 Laptop 133 Fhd Amoled Touchscreen Hdr500 120 Dcip3 Intel 12Core I71360P Processor 16Gb Ram 2Tb Ssd Backlit Fingerprint Thunderbolt4 Fhd Camera Win11 Gray,SAMSUNG,16GB ,"$1,050",5,https://m.media-amazon.com/images/I/61qbLFcWAmL._AC_UY218_.jpg,Other
Laptop Screen Extender 14 Fhd 1080P Laptop Monitor Extender Stretchable Base And Detachable Screen Plug Play Triple Screen Extender Portable Laptop Compatible With Windows Mac Chrome,Laptop,Others,$250,5,https://m.media-amazon.com/images/I/71OYUtsfoOL._AC_UY218_.jpg,Other
Wgk Portable Monitor 156Inch 1080P Usbc Hdmi Ultra Slim Travel Monitor With Kickstand For Laptop Pc Mac Phone Ps Xbox Swich Gaming Monitor Ips Slim Zero Bezel,WGK,Others,$70,5,https://m.media-amazon.com/images/I/71m-y9wru+L._AC_UY218_.jpg,Gaming
Vilva Portablemonitorforlaptop 156 1080P Fhd Ips Display Usbc Hdmi Portable Monitor For Laptop With Cover And Speakers External Monitor For Laptoppcmacphonexbox Switchps4,VILVA,Others,$80,4,https://m.media-amazon.com/images/I/81YY5q-fRYL._AC_UY218_.jpg,Other
Innoview Portable Monitor For Laptop 156 Fhd 1080P Usbc Travel Monitor Builtin 90 Adjustable Stand Hdr Ips Portable Laptop Monitor For Macbook Pc Phone Xbox Ps45 Switch,InnoView,Others,$80,4,https://m.media-amazon.com/images/I/71lr0TlX9VL._AC_UY218_.jpg,Other
Portable Monitor Ultra Slim 156 Inch Fhd Ips Laptop Screen Extender With Adjustable Stand Usb C Compatible Ideal For Travel And Office,Portable,Others,$60,5,https://m.media-amazon.com/images/I/711XP6QXMXL._AC_UY218_.jpg,Office
Lenovo 2023 V15 G3 156 Fhd Business Laptop Computer 12Th Gen Intel 10 Cores I51235U Beat I71195G7 24Gb Ddr4 Ram 1Tb Pcie Ssd 80211Ac Wifi Bluetooth 51 Windows 11 Pro Azxut Cable,Lenovo,24GB ,$609,4,https://m.media-amazon.com/images/I/71i8BFepTWL._AC_UY218_.jpg,Office
Laptop Computer 12Gb Lpddr5 Ram Laptop 1Tb Ssd Quadcore N95 156 Inch 1080P Ips Display Win11 Pro Laptops Wifi 5 Bt 50 Fingerprint Usb Typec,Laptop,12GB ,$349,5,https://m.media-amazon.com/images/I/71ZIiN-rCkL._AC_UY218_.jpg,Other
Usb C Hub Usb C Docking Station Dual Monitor 13 In 1 Triple Display Multiport Adapter With 2 Hdmidp8 Usb Ca Portsethernetaudio Usb C Dongle For Macbookdellhplenovo Thinkpadsurface,USB,Others,$56,4,https://m.media-amazon.com/images/I/71Mh2J8Hk7L._AC_UY218_.jpg,Other
Razer Laptop Cooling Pad Adaptive Smart Intelligent Fan Control Airtight Pressure Chamber Fits Most Laptops Macbooks 14 To 18 Preset Custom Fan Curves 3 Port Usb Type A Chroma Rgb,Razer,Others,$150,4,https://m.media-amazon.com/images/I/61IGxv232PL._AC_UY218_.jpg,Other
Llano Rgb Laptop Cooling Pad Gaming Laptop Cooler With Powerful Turbofan Fast Cooling Laptop 15621In Adjustable Speed Touch Control Lcd Screen,llano,Others,$96,5,https://m.media-amazon.com/images/I/71Twp6t8SvL._AC_UY218_.jpg,Gaming
Laptop Screen Extender 14 1200P Fhd Ips Triple Portable Laptop Monitor Extender 1610 For 13316 Laptops Typechdmi Plug Play Laptop Extended Monitor For Macwinsandroidchrome,Laptop,Others,$280,4,https://m.media-amazon.com/images/I/61v-kta0ZRL._AC_UY218_.jpg,Other
Plugable Thunderbolt 4 Dock With 100W Charging Thunderbolt Certified Laptop Docking Station Dual Monitor Single 8K Or Dual 4K Hdmi For Windows And Mac 4X Usb Gigabit Ethernet Tbt4Ud5,Plugable,Others,$200,4,https://m.media-amazon.com/images/I/612wlEyA6DL._AC_UY218_.jpg,Other
Cenerius 142 Laptop Screen Extender Fhd 1080P Ips Portable Monitor For Laptop Triple Screen Monitor Extender Compatible With 1317 Laptops Hdmiusbac Plugplay For Windows Mac Android,Cenerius,Others,$280,5,https://m.media-amazon.com/images/I/71z2WeNdZoL._AC_UY218_.jpg,Other
Crucial Ram 64Gb Kit 2X32Gb Ddr4 3200Mhz Cl22 Or 2933Mhz Or 2666Mhz Laptop Memory Ct2K32G4Sfd832A,Crucial,64GB ,$103,5,https://m.media-amazon.com/images/I/61q1ch0o2+L._AC_UY218_.jpg,Other
Innoview Portable Monitor 156 1080P Portable Monitor For Laptop With Protective Sleeve Builtin 90 Adjustable Stand Usb C Hdmi Ultraslim Portable Laptop Monitor For Macbook Phone Ps Xbox Switch,InnoView,Others,$85,4,https://m.media-amazon.com/images/I/81NP188J6kL._AC_UY218_.jpg,Other
Fangor Portable Monitor 156 Fhd 1080P Travel Monitor For Laptop Ultraslim Hdr Ips Computer Gaming Display Usbc Hdmi Screen Extender With Smart Cover For Laptop Pc Phone Mac Xbox Ps45 Switch,FANGOR,Others,$70,4,https://m.media-amazon.com/images/I/711KL6MNTaL._AC_UY218_.jpg,Gaming
Obsbot Tiny 2 Lite 4K Webcam For Pc Ai Tracking Ptz Streaming Camera With 12 Sensor Gesture Control 60 Fps Hdr Microphones Web Camera For Desktop Computer Laptop Meeting Video Calls Etc,OBSBOT,Others,$159,4,https://m.media-amazon.com/images/I/51WarvcFlCL._AC_UY218_.jpg,Other
Bigasuo 16 Laptop Computer 16Gb Ddr4 Ram 1Tb Ssd Quadcore N100 Processor Up To 34Ghz 1200P Fhd Ips Display Windows 11 Laptops With Usb 30 Typec Minihdmi 245G Wifi Rj45 Sliver,BIGASUO,16GB ,$300,4,https://m.media-amazon.com/images/I/81VXH9dwFEL._AC_UY218_.jpg,Other
2025 Laptop Laptop Computer With Intel Quadcore Processorup To 36Ghz 16Gb Ddr4 512Gb Ssd Windows 11 Laptop 156 Ips 1080P Metal Shell Usb32 Long Battery Life,Others,16GB ,$350,4,https://m.media-amazon.com/images/I/71a8eNpIHTL._AC_UY218_.jpg,Other
Yodoit Portable Monitor For Laptop 19201080 156 Fhd Travel Monitor Screen Ips Display With Usb Type C Port And Speakers With Smart Cover Metal Monitor Compatible With Pc Macbook Xbox Black,Yodoit,Others,$50,4,https://m.media-amazon.com/images/I/71PHElIg2aL._AC_UY218_.jpg,Other
Kingston Fury Impact 32Gb 2X16Gb 3200Mts Ddr4 Cl20 Laptop Memory Kit Of 2 Intel Xmp Amd Ryzen Plug N Play Low Power Consumption Kf432S20Ibk232,Kingston,32GB ,$60,5,https://m.media-amazon.com/images/I/71IWsVAkaCL._AC_UY218_.jpg,Other
Llano Gaming Laptop Cooler Laptop Cooling Pad Stand With 55Inch External Cooling Fan Fast Cooling Computer Laptop 15621In Adjustable Speed Touch Control 3Port Usb A A Mouse Pad Included,llano,Others,$93,5,https://m.media-amazon.com/images/I/71YCnMPsD-L._AC_UY218_.jpg,Gaming
100 Pack Classroom Headphones Bulk For Students Kids Boys Girls Teens Wholesale Wired Multi Color 35Mm On Ear Headphones For Chromebook Laptop Pc Computer,Others,Others,$130,4,https://m.media-amazon.com/images/I/81ayfJiamiL._AC_UY218_.jpg,Student
Corsair Vengeance Sodimm Ddr4 Ram 32Gb 1X32Gb 3200Mhz Cl22222253 12V Intel Amd Laptop Notebook Memory Black Cmsx32Gx4M1A3200C22,CORSAIR,32GB ,$58,5,https://m.media-amazon.com/images/I/71eTane5FNL._AC_UY218_.jpg,Other
16 Portable Metal Monitor 1080P Ipshdr Laptop Screen Extender For Gaming And Computer Displaycompatible With Laptop Pc Phone Ps4Ps5 Switch,Others,Others,$50,4,https://m.media-amazon.com/images/I/717YA6CnIDL._AC_UY218_.jpg,Gaming
Portable Monitor 16 Inch Fhd 1200P 360 Rotating Detachable Stand Plugplay Travel Monitor For Laptop Ultrathin Zero Frame Premium Smart Cover Portable Screen For Laptoppcmac,Portable,Others,$100,4,https://m.media-amazon.com/images/I/71CatQuB8HL._AC_UY218_.jpg,Other
16 Inch Laptop Computer Gaming Laptop 16Gb Ram 512Gb Ssd N100 Processor Fhd 1920 1080 Backlit Keyboard Windows 11 Pro Fingerprint Unlock Bt 42,Others,16GB ,$350,4,https://m.media-amazon.com/images/I/61xi-aFnJtL._AC_UY218_.jpg,Gaming
Oemgenuine Lenovo Thinkpad E16 Wuxga 16 Ips Intel Deca Core I51335U 40Gb Ram 1Tb Nvme Fp Backlit Kb Wifi 6 Bt Rj45 Fhd Webcam W11P Business Laptop,Oemgenuine,40GB ,$830,4,https://m.media-amazon.com/images/I/71LDPyBKubL._AC_UY218_.jpg,Office
2025 New Laptop 156 Inch Full Hd Ips Laptop Computer 8Gb Lpddr4 Ram 256Gb Ssd N4000 Processor Win11 Pro Support Office Pro Plus 2024 Long Lasting Battery Wifi 5 Bt Usb 30 Webcam,Others,8GB ,$209,5,https://m.media-amazon.com/images/I/71HrPFtmz-L._AC_UY218_.jpg,Office
14 Inch Laptoplaptop Computer With 19201080 Fhd Screenquadcore Intel Celeron J4125Up To 270Ghz8Gb Ram 512Gb Ssd Latops For Student And Office34Wh Battery245G Wifiwebcamusb 30Mini Hdmi,Others,8GB ,$180,4,https://m.media-amazon.com/images/I/71DMsd51H7L._AC_UY218_.jpg,Office
Hp Victus Gaming Laptop 156 144Hz Fhd 8Core Intel Core I513420H Nvidia Geforce Rtx 4050 6Gb Gpu 16Gb Ram 2Tb Ssd Backlit Keyboard Wifi 6 Usbc Win 11 Home Silver Eat Mouse Accessories,HP,6GB ,$789,4,https://m.media-amazon.com/images/I/71U6GlZsC2L._AC_UY218_.jpg,Gaming
Hp 14 Hd Student Business Laptop Intel Quadcore N4120 16Gb Ram 384Gb Storage 128Gb Emmc256Gb Sd Card 1 Year Office 365 Slim Design Webcam Hdmi Bluetooth Wifi Win 11 S Silver,HP,16GB ,$299,4,https://m.media-amazon.com/images/I/71i9Yly-UuL._AC_UY218_.jpg,Office
Acemagic 156 Laptop With N97 Processorup To 36Ghz 16Gb Ram 512Gb Ssd Laptop Windows 11 Traditional Laptop Lomputer With Numeric Keyboard Fhd Screen Webcam Lightthin,ACEMAGIC,16GB ,$360,5,https://m.media-amazon.com/images/I/61+cZAG4Y5L._AC_UY218_.jpg,Other
16Inch Gaming Laptop 16Gb Ddr4 512Gb Ssd Intel N95 Windows 11 Backlit Keyboard 1920P Ips Display,Others,16GB ,$358,4,https://m.media-amazon.com/images/I/71563BOsWjL._AC_UY218_.jpg,Gaming
10 Inch Android 14 Tablet 8Gb Ram64Gb Rom Tablets With Keyboard Mouse Case Stylus 18Ghz Quadcore Processor Tablet 8Mp Camera 6000Mah Battery 1280800 Ips Hd Touch Screen 5G Wifi 6 Tablet,Others,8GB ,$65,4,https://m.media-amazon.com/images/I/71r5d9fRpbL._AC_UY218_.jpg,Other
Windows 11 Prohp 15 156 Fhd Business Laptop Computer Quad Core Intel I51135G7 Beats I71065G7 16Gb Ram 512Gb Pcie Ssd Numeric Keypad Wifi 6 Bluetooth 42 Typec Webcam Hdmi Wbattery,Windowss,16GB ,$460,4,https://m.media-amazon.com/images/I/71LYTzK2A8L._AC_UY218_.jpg,Office
Lenovo Ideapad Laptop 2024 156 Fhd Touch Screen Intel 6Core I31215U Up To 44Ghz 16Gb Ram 512Gb Ssd Webcam Bluetooth Wifi 6 Long Battery Life Windows 11 Kyywee Accessories,Lenovo,16GB ,$400,5,https://m.media-amazon.com/images/I/81qeTTuKbAL._AC_UY218_.jpg,Other
Msi Summit E16 Ai Studio A1Vftg037Us 16 Wqxga 165Hz 2In1 Touchscreen Laptop Intel Evo Core Ultra 7155H 14Ghz 32Gb Ram 1Tb Ssd Nvidia Geforce Rtx 4060 8Gb Windows 11 Pro Ink Black,MSI,32GB ,"$1,189",4,https://m.media-amazon.com/images/I/61B+nsmS2HL._AC_UY218_.jpg,Other
Mini Projector With Wifi And Bluetooth 450Ansi 1080P Fhd Home Movie Projector Portable Outdoor Projector With 250 Displayzoom Compatible Wphonelaptoptv Stickindooroutdoor,Mini,Others,$100,4,https://m.media-amazon.com/images/I/71xjy1+VaSL._AC_UY218_.jpg,Other
Msi Raider A18Hx 18 240Hz Qhd Gaming Laptop Amd Ryzen R97945Hx3D Nvidia Geforce Rtx 4080 32Gb Ddr5 1Tb Nvme Ssd Wifi 7 Cooler Boost 5 Win 11 Home Core Black A7Vhg023Us,MSI,32GB ,"$2,296",4,https://m.media-amazon.com/images/I/71dBxmfTwLL._AC_UY218_.jpg,Gaming
Hp 14 Inch Laptop Hd Display 12Th Generation Intel Core I31215U 8 Gb Ram 256 Gb Ssd Intel Uhd Graphics Windows 11 Home In S Mode 14Dq5009Nr 2024,HP,Others,$304,4,https://m.media-amazon.com/images/I/81tnwNLrlDL._AC_UY218_.jpg,Other
Dell Latitude 5420 14 5000 14 Touchscreen Fhd Business Laptop Computer Intel I51145G7 Beat I71065G7 32Gb Ddr4 Ram 1Tb Pcie Ssd Wifi 6 Bluetooth Backlit Keyboard Windows 10 Pro,Dell,32GB ,$869,4,https://m.media-amazon.com/images/I/71f9TzbqPvL._AC_UY218_.jpg,Office
Acer Swift 14 Ai Copilot Pc 14 Wuxga 1610 Touch Display Intel Core Ultra 7 Processor 258V Intel Evo Edition Intel Arc 140V 32Gb Lpddr5X 1Tb Gen 4 Ssd Killer Wifi 7 Sf1451T75Af,Acer,32GB ,$545,5,https://m.media-amazon.com/images/I/71XA4WoBt1L._AC_UY218_.jpg,Other
Laptop Computer Small Size 116 Inch Mini Laptops 8Gb Ram Windows Laptop N4000 Dual Core Processor128Gb Rom Ssd Slim And Lightweight Notebook For Work School Travel 2025 Silver 128 Ssd,Laptop,8GB ,$159,5,https://m.media-amazon.com/images/I/71Ut-e8sZGL._AC_UY218_.jpg,Office
16 Inch Gaming Laptop Laptop Computer 2025 Windows 11 Pro 16Gb Ram 512Gb Ssd Intel 12Th Gen N100 Processorup To 34Ghz Backlit Keyboard Fingerprint Unlock Fhd 1920 1200,Others,16GB ,$290,4,https://m.media-amazon.com/images/I/71HfzXzwR6L._AC_UY218_.jpg,Gaming
Portable Monitor For Laptop Mac Usb Dual Laptop Screen Extender 14 Fhd 1080P Second Travel Display For 162 Mackbook Pro20212023,Portable,Others,$180,4,https://m.media-amazon.com/images/I/71hgiStm83L._AC_UY218_.jpg,Other
Dell Latitude 5550 15 5000 156 Fhd Business Ai Laptop Computer Intel 12Core Ultra 5 135U Beat I71355U 16Gb Ddr5 Ram 1Tb Ssd Wifi 6 Bt 53 Backlit Kb Fr Thunderbolt 4 Windows 11 Pro,Dell,16GB ,"$1,044",5,https://m.media-amazon.com/images/I/81v73toaxML._AC_UY218_.jpg,Office
Samsung 122 Fhd 2In1 Touchscreen Chromebook Plus Laptop For Businessstudents Intel Dualcore 4Gb Ram 224Gb Storage64Gb Emmc160Gb Docking Station Set Stylus Pen Wireless Mouse Silver,SAMSUNG,4GB ,$399,4,https://m.media-amazon.com/images/I/81k+w98hRSL._AC_UY218_.jpg,Office
Oemgenuine 2024 Dell Latitude 3550 Notebook 156 Fhd Intel 10 Core I51335U Beats I71270P 32Gb Ddr5 Ram 1Tb Nvme Wifi 6E Bt Backlit Keyboard Hd Webcam Rj45 Win 11 Pro Business Laptop,Oemgenuine,32GB ,$920,4,https://m.media-amazon.com/images/I/71GPPXZsaML._AC_UY218_.jpg,Office
Jumper Laptop 12Gb Ram 640Gb Rom Office 3651 Year 5305U Processor 156 Inch Computer Fhd Ips Screen 38Wh Battery 2 Stereo Speakers Usb30 2 Hdmi,Jumper,12GB ,$300,5,https://m.media-amazon.com/images/I/81FQFt8LKTL._AC_UY218_.jpg,Office
Samsung 990 Evo Plus Ssd 2Tb Pcie Gen 4X4 Gen 5X2 M2 2280 Speeds Upto 7250 Mbs Upgrade Storage For Pclaptops Hmb Technology And Intelligent Turbowrite 20 Mzv9S2T0Bam,SAMSUNG,Others,$130,5,https://m.media-amazon.com/images/I/61nq7N0igEL._AC_UY218_.jpg,Other
Asus Zenscreen 16 156 Inch Viewable 1080P Usbc Portable Monitor Mb16Ahv Full Hd Ips Blue Light Filter Antiglare Mini Hdmi Kickstand Tripod Mountable Protective Sleeve 3 Year Warranty,ASUS,Others,$99,4,https://m.media-amazon.com/images/I/81ayKOdNeWL._AC_UY218_.jpg,Other
Laptop Screen Extender 14 Fhd 1080P Ips Laptop Monitor Extender Dual Screen Portable Monitor For Laptops 1317 With Usbchdmi Port Plug N Play For Windowsmacandroidswitchps5,Laptop,Others,$110,5,https://m.media-amazon.com/images/I/71ko5lIO8rL._AC_UY218_.jpg,Other
Lenovo Thinkpad T16 Gen 2 16 Fhd Business Laptop Computer Intel 10Core I51335U Beat I71255U 16Gb Ddr4 Ram 512Gb Pcie Ssd Wifi 6E Bluetooth 53 Backlit Keyboard Windows 11 Pro Azxut,Lenovo,16GB ,$829,5,https://m.media-amazon.com/images/I/71TyFt-pA+L._AC_UY218_.jpg,Office
Lenovo Yoga 7 7I 2In1 Business Laptop 14 Fhd Touchscreen Amd Ryzen 7 8840Hs I71355U 16Gb Ram 1Tb Ssd Ist Precision Pen Backlit Fingerprint Fhd Ir Webcam Win 11 Pro Arctic Grey,Lenovo,16GB ,$545,4,https://m.media-amazon.com/images/I/41i6KAZMyKL._AC_UY218_.jpg,Office
Hp Elitebook 660 G11 Business Laptop 16 Fhd Computer 12Core Intel Ultra 5 125U Beat I71355U 16Gb Ddr5 Ram 512Gb Pcie Ssd Wifi 6E Backlit Kb Fingerprint Reader Windows 11 Pro Befectoy,HP,16GB ,$819,5,https://m.media-amazon.com/images/I/71T0VhGTEpL._AC_UY218_.jpg,Office
160Inch Laptop 16Gb Ddr4 512Gb Ssd Gaming Laptop Windows 11 Laptop With Intel 12Th Quadcore Processorup To 36Ghz 1920P Fhd Display Metal Shell Wifi 6 Usb32 Typec Long Battery Life,Others,16GB ,$315,4,https://m.media-amazon.com/images/I/71Ls2+M7TSL._AC_UY218_.jpg,Gaming
Dell Latitude 5450 5000 14 Fhd Business Laptop Computer Intel 12Core Ultra 5 135U Beat I71355U 32Gb Ddr5 Ram 1Tb Pcie Ssd Wifi 6E Backlit Keyboard Thunderbolt 4 Hdmi Windows 11 Pro,Dell,32GB ,$949,5,https://m.media-amazon.com/images/I/81vCWlOHcBL._AC_UY218_.jpg,Office
Kuu 156 Laptop Computer Gaming Laptops For N4000 Processor8Gb Ram 256Gb Ssd Fhd 1920X1080 Display Wifi5 Bt42 Mini Hdmi38Whsupports 180 Angle Openingtraditional Lap Top Computers,KUU,8GB ,$209,4,https://m.media-amazon.com/images/I/71qttDlieWL._AC_UY218_.jpg,Gaming
Lenovo Thinkpad E14 G6 Business Laptop 140 Ips Wuxga Display Amd Ryzen 7 7735U 16Gb Ddr5 512Gb Pcie Ssd Backlit Kb Fingerprint 2 Thunderbolt 4 Wifi 6E Win 11 Pro Wdkz Usb Port Expander,Lenovo,16GB ,$640,5,https://m.media-amazon.com/images/I/71T7xJL4gSL._AC_UY218_.jpg,Office
Hp Essential Laptop 173 Fhd Display Intel Core I51334U 32Gb Ram 1Tb Pcie M2 Ssd Wifi 6 Webcam Backlit Keyboard Windows 11 Home Silver,HP,32GB ,$646,4,https://m.media-amazon.com/images/I/71qk9ePMDRL._AC_UY218_.jpg,Other
Msi Prestige 14 Ai Evo 14 Fhd Business Laptop Intel Core Ultra 9185H Arc Graphics 64Gb Ddr5 2Tb Nvme Ssd Hdmi Wifi 7 Win 11 Pro Stellar Gray C1Mg001Us,MSI,64GB ,"$1,300",1,https://m.media-amazon.com/images/I/71IqYEsFftL._AC_UY218_.jpg,Office
14 Inch Windows 11 Laptop Computer 8Gb Ddr4 Ram 128Gb Ssd 4Core Intel Cpu Up To 29Ghz Thin Portable Notebook Pc Wifi Bt42 Ms Office 2024,Others,8GB ,$199,5,https://m.media-amazon.com/images/I/71fDlmtXzgL._AC_UY218_.jpg,Office
Dell Inspiron 3511 Laptop 156 Full Hd Touchscreen Intel Core I51135G7 Beats Intel I71065G7 32Gb Ddr4 Ram 1Tb Pcie Ssd Sd Card Reader Hdmi Wifi Windows 11 Home Black,Dell,32GB ,$500,4,https://m.media-amazon.com/images/I/719yYrijeKL._AC_UY218_.jpg,Other
Laptop Screen Extender 14 1080P Ips Portable Monitor Travel Monitor For 14165 Laptops With Usbchdmi Port Plug And Play Attachment Screen For Windowsmacandroidswitchps5Xbox,Laptop,Others,$150,5,https://m.media-amazon.com/images/I/81UDp94Dh1L._AC_UY218_.jpg,Other
Asus Flagship 156Inches Fhd Vivobook Business Laptop Intel Core I51135G7 Up To 42 Ghz Beats I71065G7 20Gb Ram 1Tb Pcie Ssd Intel Iris Xe Graphics Wifi Webcam Hdmi Win 11 Wgm Accessory Black,ASUS,20GB ,$489,4,https://m.media-amazon.com/images/I/71zU3p9Zv7L._AC_UY218_.jpg,Office
Nimo 156 Fhd Student Laptop 16Gb Ram 1Tb Ssd Backlit Keyboard Fingerprint Intel Pentium Quadcore N100 Beat To I31115G4 Up To 34Ghz 2 Years Warranty 90 Days Return Wifi 6 Win 11,NIMO,16GB ,$350,5,https://m.media-amazon.com/images/I/71MG5SCu+5L._AC_UY218_.jpg,Student
156 Screen Extender Portable Laptop 1080P Diy Portable Laptop Monitor Extender With 360 Rotation Plugplay Detachable Triple Monitor Laptops Compatible With Macwins Android Dex,Others,Others,$300,5,https://m.media-amazon.com/images/I/71zYJDnKxqL._AC_UY218_.jpg,Other
Tesmart Usbc Mstedid Kvm Switch 2 Monitors 2 Computers Hdmidisplayport Usb 30 Kvm Docking Station For Laptopdesktop Charging For Laptop 4K60Hz Gigabit Network Hotkey Switch Input Cables,TESmart,Others,$430,3,https://m.media-amazon.com/images/I/614T7yW1SDL._AC_UY218_.jpg,Other
Hp 156 Touchscreen Laptop 15 Inch Hd Student Laptops 12Th Gen Intel 10 Cores I5 Processor Beat I71195G7 16Gb Ram 1Tb Pcie Ssd Iris Xe Graphics Wifi 6E Win11 Silver Bwe Accessories,HP,16GB ,$486,5,https://m.media-amazon.com/images/I/71OxULLN4tL._AC_UY218_.jpg,Student
2025 Gaming Laptop With Amd Ryzen 7 5700U Processor8C16T Up To 45Ghz 161 Fhd Display Laptop Computer With Backlit Keyboard 16Gb Ram 512Gb Ssd Wifi 6 Hdmi 14 Usb32 Typec 53Wh Battery,Others,16GB ,$480,3,https://m.media-amazon.com/images/I/717TLzviWUL._AC_UY218_.jpg,Gaming
Hp 17 Laptop 173 Fhd Screen Amd Ryzen 5 5500U 16Gb Ssd 1Tb Ssd Webcam Hdmi Fingerprint Reader Wifi Windows 11 Home Silver,HP,16GB ,$479,4,https://m.media-amazon.com/images/I/61slxFdcTEL._AC_UY218_.jpg,Other
Dell Precision 7530 156 Fhd Intel Core I58400H 25Ghz 32Gb Ram 512Gb Ssd Windows 11 Pro 64Bit Cam Nvidia Quadro P1000 4Gb Renewed,Dell,32GB ,$390,4,https://m.media-amazon.com/images/I/711tKk+wX-L._AC_UY218_.jpg,Other
Jumper Laptop Computer 16 Inch Office 365 Laptops With 16Gb Ram 1152Gb Storage Fhd Ips 1920X1200 Display 12Th N95 Cpuup To 34Ghz 38Wh Battery 2 Speakers Mini Hdmi 1610,Jumper,16GB ,"$1,300",5,https://m.media-amazon.com/images/I/81Mn7MI8lVL._AC_UY218_.jpg,Office
156 Fhd Laptop Win 11 Laptop With 12Th Gen N100Beat I3 1115G4 16Gb Ram 1Tb Ssd Wifi 6 Bt52 Usb30 Typec Laptop Computer With Fingerprint Login Backlit Keyboard For Student And Business,Others,16GB ,$330,4,https://m.media-amazon.com/images/I/71cthC9ln+L._AC_UY218_.jpg,Office
Gaming Laptopwindows Laptop16Ips Fhd16Gb Ram 512Gb Ssd With Intel Alder Lake N100 Processorup To 34Ghzbacklit Keyboardwindows11 Prohdmitype C Chargingwifigamingstudying And Business,Gaming,16GB ,$330,5,https://m.media-amazon.com/images/I/71zCW91J6NL._AC_UY218_.jpg,Gaming
14 Fhd Lightweight Laptop Intel Celeron N3350 Laptop Computer 6Gb Lpddr4 Ram 320Gb64Gb Emmc256Gb Ssd Wifi 5 Bt50 Hd Camera Windows 10 Laptop Computer For Home Study,Others,6GB ,$230,4,https://m.media-amazon.com/images/I/71oYvHEjyXL._AC_UY218_.jpg,Office
Hp 156 Hd Antiglare Chromebook Laptop Intel Pentium N200 8Gb Lpddr5 224Gb Storage 64Gb Emmc160Gb Docking Station Set Intel Uhd Graphics Num Pad 720P Camera Wifi 6 Chrome Os Silver,HP,8GB ,$399,5,https://m.media-amazon.com/images/I/811Jrxb8NSL._AC_UY218_.jpg,Other
Hp 2023 Est Chromebook Laptop Student Business14 Hd Displayquadcore Intel Celeron N4120 Processor4Gb Ram64Gb Emmc720P Webcamwifibluetooth14 Hrs Batterychrome Osmarxsolcables Modern Gray,HP,4GB ,$172,4,https://m.media-amazon.com/images/I/716wXDndeiL._AC_UY218_.jpg,Office
Asus 16 24Gb Ram 1Tb Ssd Vivobook 16X Laptop Windows 11 Pro Amd Ryzen 7 5800Hs 8Core Processor Wuxga Ips Antiglare Display Camera Privacy Shutter Hdmi Usbc Blue,ASUS,24GB ,$686,4,https://m.media-amazon.com/images/I/71HldQcmtkL._AC_UY218_.jpg,Other
156 Fhd Laptop Win 11 Laptop Intel 12Th Gen N100Beat I3 1115G4 16Gb Ram 1Tb Ssd Wifi 6 Bt52 Usb30 Typec Laptop Computer With Fingerprint Login Backlit Keyboard For Student And Business,Others,16GB ,$330,4,https://m.media-amazon.com/images/I/71COa01MTDL._AC_UY218_.jpg,Office
Lenovo Ideapad Slim 3I 156 Fhd Display Intel Core I51335U 16Gb Ram 512Gb Ssd 1920X1080 Px Fingerprint Reader Windows 11 Home Arctic Grey,Lenovo,16GB ,$530,4,https://m.media-amazon.com/images/I/71OJ8m9zQXL._AC_UY218_.jpg,Other
Gaming Laptop With Amd Ryzen 7 5825U Processor8C16T Up To 43Ghz 161 Fhd Display Laptop Computer With Backlit Keyboard 16Gb Ram 512Gb Nvme Ssd Wifi 6 Hdmi 14 Usb32 Typec 53Wh Battery,Gaming,16GB ,"$1,700",4,https://m.media-amazon.com/images/I/71zYBSryFoL._AC_UY218_.jpg,Gaming
Samsung Chromebook Plus V2 2In1 Laptop 4Gb Ram 64Gb Emmc 13Mp Camera Chrome Os 122 1610 Aspect Ratio Xe520Qabk03Us Light Titan,Samsung,4GB ,$245,4,https://m.media-amazon.com/images/I/81mX-4s+guL._AC_UY218_.jpg,Other
Asus 2023 Vivobook 17X Laptop 173 Fhd Display Intel Core I913900H Cpu 16Gb Ram 1Tb Ssd Windows 11 Home Transparent Silver K3704Vadh96S,ASUS,16GB ,$902,5,https://m.media-amazon.com/images/I/71gLz5gSDjL._AC_UY218_.jpg,Other
15 156 Fhd 1920 X 1080 Display Laptop Computer For College Students Business 8Gb Lpddr4 Ram 256Gb Ssd Dualcore Intel Celeron Numeric Keypad Windows 11 Pro Slim Portable Gray,Others,8GB ,$299,5,https://m.media-amazon.com/images/I/71HHbvhu2WL._AC_UY218_.jpg,Office
Jumper Laptop 24Gb Lpddr4X Ram 1024Gb Nvme Ssd 36Ghz Core I5 Cpu 14 Inch Fhd Ips Display Laptops Computer With 4 Stereo Speakers 51300Mwh Usb30 3 Portable Metal,Jumper,24GB ,$530,4,https://m.media-amazon.com/images/I/814Ho4Uq6JL._AC_UY218_.jpg,Other
